year,month,day,R_Rf,R_Market,R_I_Aero,R_I_Guns,R_I_Steel,R_I_Ships,R_I_Beer,R_I_Toys,R_I_Fin,R_I_Rtail,eR_Market,eR_I_Aero,eR_I_Guns,eR_I_Steel,eR_I_Ships,eR_I_Beer,eR_I_Toys,eR_I_Fin,eR_I_Rtail
1975,1,31,.0057832,.1331313,.1742894,.1858154,.1633935,.1343561,.2318258,.2380716,.1458304,.2395679,.12734807,.16850615,.1800322,.1576103,.12857281,.22604251,.23228832,.1400472,.23378468
1975,2,28,.0042908,.0581746,.077794,.0322736,.016267,.0638195,.1037292,.0565694,.0038924,.0378737,.05388378,.07350325,.02798278,.01197619,.05952873,.09943841,.05227857,-.00039837,.03358287
1975,3,31,.0040916,.0302382,.1263683,-.0056157,.1099301,-.0091417,.048028,.1251337,.0216636,.103639,.02614657,.12227668,-.00970736,.10583844,-.01323328,.04393635,.12104211,.01757202,.09954742
1975,4,30,.0043903,.0456424,.1116308,.0578915,.0908457,.0427721,-.036664,.0990305,.0329511,.009257,.04125201,.10724047,.05350113,.08645534,.03838174,-.04105433,.09464017,.02856075,.00486667
1975,5,31,.0043903,.0547722,.1116308,.0338215,-.0521358,.0688729,.0484091,.0018982,.0476467,.0439212,.05038189,.10724047,.0294312,-.0565261,.06448252,.04401879,-.00249215,.04325631,.03953084
1975,6,30,.0040916,.0510733,.0978524,.1218636,.0617534,.0055844,.0345946,.0437298,.0511683,.0742722,.04698165,.09376078,.11777197,.05766178,.00149276,.03050303,.03963814,.04707667,.07018063
1975,7,31,.0047885,-.0630463,-.0822952,-.0397809,-.0681718,-.0066219,-.0457298,-.0661398,-.0719257,-.0847957,-.06783482,-.08708376,-.04456939,-.0729603,-.01141039,-.05051837,-.07092832,-.07671426,-.08958417
1975,8,31,.0047885,-.0239854,.007869,-.0799094,.0367176,-.0948603,-.0474061,-.0453112,-.0444745,.0044899,-.02877388,.00308044,-.0846979,.03192907,-.0996488,-.05219464,-.05009974,-.04926301,-.00029861
1975,9,30,.005286,-.0380134,-.0325232,-.0633659,-.0539283,-.0886127,-.058689,-.0544562,-.0630463,-.0363528,-.04329945,-.0378092,-.06865188,-.05921435,-.09389866,-.063975,-.05974219,-.06833231,-.04163883
1975,10,31,.0055844,.0570417,.0250828,.0621294,-.0286053,-.0285024,.0084641,-.0092426,.0563803,.1002073,.05145736,.0194984,.05654499,-.03418963,-.03408674,.0028797,-.01482696,.05079596,.09462288
1975,11,30,.0040916,.0301412,-.0187752,.0689662,.0160702,.0801965,.0253753,.062787,.031111,.0429637,.02604954,-.02286677,.06487459,.01197856,.07610493,.02128369,.05869537,.02701938,.03887208
1975,12,31,.0047885,-.0112632,-.0330399,-.0293258,.0210763,-.0404054,.0044899,-.0296348,.004689,-.0380134,-.01605171,-.03782837,-.03411435,.01628781,-.04519393,-.00029861,-.03442332,-.00009953,-.04280196
1976,1,31,.004689,.1189379,.1718503,.1562342,.1925194,.1283932,.1478164,.207258,.1297994,.0760347,.11424894,.16716127,.15154523,.18783039,.12370422,.14312739,.20256906,.12511045,.0713457
1976,2,28,.0033942,.0065783,.043251,.0785339,.0508832,.0597772,.0164637,.0565694,.032564,.0416217,.00318408,.03985681,.07513965,.04748898,.05638297,.01306949,.05317512,.02916976,.03822744
1976,3,31,.003992,.026934,.0618474,.0107421,-.0004001,.0500275,.0031949,-.0199986,.0200967,.0421012,.02294198,.05785538,.00675008,-.0043921,.04603547,-.00079713,-.02399067,.01610468,.03810916
1976,4,30,.0041912,-.0107577,.0440169,.022544,.0135084,-.0485602,-.043534,.0370067,-.0161294,-.0528735,-.01494886,.03982568,.01835276,.00931715,-.05275139,-.04772521,.03281552,-.02032059,-.0570647
1976,5,31,.0036932,-.0097474,.0246926,.0708312,.0040916,-.0388448,-.0556184,.006479,-.0159262,-.0656058,-.01344052,.02099944,.06713801,.00039845,-.04253796,-.05931159,.00278579,-.01961932,-.06929893
1976,6,30,.0042908,.0438255,.1118991,.0538251,.0461199,.0859024,.0559076,.0381625,.0455468,.0081666,.0395347,.10760831,.04953431,.04182915,.08161165,.05161685,.03387168,.04125603,.00387578
1976,7,31,.004689,-.0060181,-.0492953,.0324672,-.0244976,-.0077298,-.0041084,.0134097,.0006998,-.018164,-.01070706,-.05398428,.0277782,-.02918662,-.01241879,-.00879742,.0087207,-.00398923,-.02285296
1976,8,31,.0041912,-.001401,.0022974,-.0005001,-.036664,.015578,-.0096464,-.0551956,-.0034058,.0462154,-.00559219,-.00189385,-.00469133,-.04085519,.01138683,-.01383758,-.05938684,-.007597,.04202422
1976,9,30,.0043903,.0246926,.0434426,-.0318003,.0165621,.0149871,-.0224501,-.0021022,.0141001,.003992,.02030226,.03905221,-.03619066,.01217174,.01059678,-.02684048,-.00649256,.00970978,-.00039833
1976,10,31,.0040916,-.0203048,-.0626204,-.0104545,-.06145,-.0707444,-.0282966,-.0378057,.0043903,-.0026034,-.02439637,-.06671198,-.01454608,-.06554158,-.07483602,-.03238822,-.04189733,.00029873,-.006695
1976,11,30,.003992,.0075713,.0393169,.0572306,-.0013008,.0054849,-.0858847,.0018982,.0238142,.0532564,.00357924,.03532484,.05323861,-.00529287,.00149291,-.08987676,-.00209382,.01982216,.04926434
1976,12,31,.003992,.0587405,.0515483,.0532564,.0732505,.0933082,.0889262,.093126,.0792732,.0163654,.05474848,.04755624,.04926434,.06925844,.08931615,.08493419,.08913396,.07528116,.01237333
1977,1,31,.0035935,-.037598,-.028914,.0249853,-.0381173,.031111,-.1287429,-.0696717,-.0353163,-.0772051,-.04119157,-.03250754,.02139172,-.04171086,.02751746,-.13233641,-.07326521,-.03890988,-.0807986
1977,2,28,.0034939,-.0161294,-.0045102,-.0350056,-.0060181,-.0224501,.0102473,-.051188,-.0174514,-.0158246,-.01962327,-.00800404,-.0384995,-.00951196,-.02594402,.00675343,-.05468192,-.02094528,-.01931844
1977,3,31,.0037928,-.0099493,-.0068232,.0090588,.0062802,.0275179,-.0341775,.0026964,-.0005001,-.0307685,-.01374213,-.01061602,.00526605,.00248744,.02372509,-.03797025,-.00109644,-.00429292,-.03456133
1977,4,30,.0037928,.005286,.0221528,.0816722,.0094552,.0381625,-.0185714,-.0478256,.0211742,-.0406137,.00149321,.01836001,.07787935,.00566236,.03436966,-.02236418,-.05161843,.01738144,-.04440648
1977,5,31,.0036932,-.0109598,.0227395,.0472652,-.0594316,-.0306654,-.0244976,-.0646452,.0057832,-.0378057,-.01465301,.01904631,.04357202,-.06312476,-.03435859,-.0281908,-.06833837,.00209007,-.04149889
1977,6,30,.003992,.0498372,.1022858,.0185273,.0002,.0177417,.0153811,.0402778,.0573251,.0570417,.04584521,.09829378,.01453528,-.00379204,.01374966,.01138908,.03628583,.05333305,.05304972
1977,7,31,.0041912,-.0127813,-.0225524,.0170538,-.0773131,-.0033055,-.0392607,.0289761,-.0059175,.0010994,-.01697254,-.02674361,.01286255,-.08150431,-.00749666,-.04345192,.0247849,-.01010868,-.00309181
1977,8,31,.0043903,-.0131866,-.0338671,-.0653922,-.0535063,-.0097474,.0172504,-.0280909,-.0175532,.0482186,-.01757691,-.03825742,-.06978257,-.05789662,-.0141377,.01286001,-.03248123,-.02194351,.04382822
1977,9,30,.0042908,.0015987,-.0359381,.0010994,-.0590072,-.0182658,.0135084,-.0188771,.0029955,-.0120726,-.00269206,-.04022889,-.00319139,-.06329796,-.02255659,.00921757,-.02316784,-.00129527,-.01636336
1977,10,31,.004888,-.0396768,-.0311811,-.0989367,-.0005001,-.0345914,-.0437429,-.1036952,-.0432207,-.0296348,-.04456485,-.03606915,-.10382478,-.00538816,-.03947948,-.04863096,-.10858327,-.04810874,-.03452284
1977,11,30,.0049875,.0440169,.0786263,.0739937,.0148886,.0342082,.0527822,.066443,.047742,.0506931,.03902934,.07363878,.06900614,.00990107,.02922063,.04779464,.06145541,.04275445,.04570557
1977,12,31,.004888,.0075713,.0171521,.0176434,.0430595,-.0287082,-.025523,-.0092426,.016267,-.0235757,.00268323,.01226403,.0127554,.03817146,-.0335962,-.03041099,-.01413062,.01137894,-.02846377
1978,1,31,.004888,-.056782,-.0696717,-.0318003,-.0466724,-.0637921,-.0037069,-.0316971,-.0618754,-.0713886,-.06167005,-.07455971,-.03668835,-.05156044,-.06868017,-.0085949,-.03658512,-.06676344,-.07627663
1978,2,28,.0045895,-.0092426,.0427721,-.0029042,-.0386369,-.0332466,.0007997,-.0093435,-.0009004,-.0131866,-.01383203,.03818264,-.00749367,-.04322634,-.03783605,-.00378977,-.01393297,-.00548986,-.01777601
1978,3,31,.005286,.0332413,.0945826,.1314668,.0601539,.0655068,.0309171,.0810268,.0442083,.0172504,.02795533,.08929664,.12618076,.05486792,.0602208,.0256311,.07574083,.03892225,.01196435
1978,4,30,.0053855,.0808424,.1244276,.0518332,.0848925,.1225716,.042197,.0843412,.0919409,.1089441,.07545692,.11904211,.04644768,.07950699,.11718608,.03681158,.07895568,.0865554,.10355862
1978,5,31,.005087,.0224462,.1143103,.02137,.0333381,.0478373,.0487902,.0666301,.014593,-.0033055,.01735915,.1092233,.01628299,.02825102,.04275029,.04370313,.06154304,.00950596,-.0083925
1978,6,30,.0053855,-.0115666,.0351741,.0357532,-.063579,.0376811,-.0163327,-.0222456,-.011769,-.0225524,-.01695211,.0297886,.0303677,-.06896445,.03229559,-.02171813,-.02763108,-.01715446,-.02793788
1978,7,31,.0055844,.0551508,.1528069,.1246924,.078349,.0930349,.0584576,.0670977,.0507882,.0514533,.04956647,.14722254,.11910806,.07276458,.08745049,.05287319,.06151337,.04520379,.04586891
1978,8,31,.0055844,.042197,.0441126,.036139,.005087,.040854,-.0032051,.0306262,.0587405,.0532564,.03661267,.0385282,.03055467,-.00049734,.03526962,-.00878951,.02504181,.05315612,.04767199
1978,9,30,.0061809,-.008133,-.0817525,-.0391567,.0123237,-.0262413,.0141987,-.0256255,-.0089398,-.0234734,-.01431384,-.08793336,-.04533757,.00614289,-.03242217,.00801786,-.03180641,-.0151207,-.02965421
1978,10,31,.006777,-.1191214,-.1671177,-.1159722,-.1271518,-.2011375,-.1585269,-.1886214,-.1144013,-.1389173,-.12589841,-.17389471,-.12274916,-.13392877,-.20791445,-.16530389,-.19539835,-.12117825,-.14569429
1978,11,30,.0069756,.0335315,.0987588,.0747363,.0127188,.0483139,.0435383,.0073728,.0179381,.0196065,.02655587,.09178316,.06776073,.00574316,.04133824,.03656269,.00039714,.01096253,.01263092
1978,12,31,.0077697,.0164637,.0256677,.0514533,.0021976,.0323704,.0329511,-.0071253,.012225,-.0155198,.00869399,.01789801,.04368355,-.00557215,.02460064,.02518136,-.01489506,.00445523,-.02328955
1979,1,31,.0076705,.0487902,.0493614,.0398936,.1255748,.0307232,.0641947,.0597772,.0612832,.061001,.04111966,.04169092,.03222306,.11790432,.02305267,.05652421,.0521067,.05361272,.05333052
1979,2,28,.0072735,-.0287082,-.1389173,-.0532953,-.0374942,-.0625139,-.0396768,-.0760175,-.0315939,-.0440564,-.03598165,-.14619079,-.06056878,-.04476769,-.06978739,-.0469503,-.08329097,-.03886735,-.05132987
1979,3,31,.0080674,.0628809,.068406,.0524976,.087003,.0684994,.0770536,.076498,.0656005,.0556239,.05481352,.06033866,.0444302,.07893567,.06043205,.06898626,.0684306,.05753309,.04755653
1979,4,30,.0079682,.0073728,-.0106566,.0096533,-.0063199,-.0146062,.0221528,.0691529,.0154796,.006479,-.00059542,-.01862475,.00168509,-.0142881,-.02257432,.01418464,.06118469,.0075114,-.0014892
1979,5,31,.0081666,-.0139975,-.0604934,.0081666,-.026344,-.0147076,-.0477207,.0030952,.0024969,-.0290169,-.02216407,-.06865994,-1.704e-10,-.03451054,-.02287419,-.0558873,-.00507136,-.00566968,-.03718351
1979,6,30,.0080674,.0455468,.0392207,.0338215,.0215658,.0954011,.0589291,.0333381,.0705517,.0265446,.03747944,.03115334,.02575418,.01349841,.08733372,.0508617,.02527069,.06248428,.01847718
1979,7,31,.0076705,.0157749,.0373921,.0235212,.0441126,.0369104,.007472,.0138043,.0384512,.0076705,.00810441,.02972161,.01585069,.03644207,.02923985,-.00019849,.00613377,.03078068,2.113e-10
1979,8,31,.0076705,.0610951,.1192042,.1404574,.0689662,.1603315,.110557,.088194,.045069,.0881024,.0534246,.11153374,.13278685,.0612957,.15266103,.10288648,.08052351,.03739846,.08043194
1979,9,30,.0082657,.0001,-.0022024,-.026344,.0251803,.0303352,-.0103534,.0138043,-.0044097,-.0197946,-.00816575,-.01046817,-.03460972,.01691455,.02206946,-.01861916,.00553854,-.01267545,-.02806037
1979,10,31,.0086624,-.0750469,-.0934319,-.0905814,-.1235245,-.0424901,-.1008153,-.1018113,-.1038062,-.0882849,-.08370925,-.10209432,-.09924375,-.13218686,-.05115242,-.10947768,-.11047364,-.11246854,-.09694729
1979,11,30,.0098513,.0601539,.1045402,.1125248,.0077697,.1553785,.07622,.0236189,.0641947,.0326608,.05030261,.09468887,.10267347,-.00208158,.14552718,.06636871,.01376755,.0543434,.02280947
1979,12,31,.0094552,.0270313,.0921233,.090663,.0787188,.0337249,.0411419,.0452601,.012225,.0115332,.01757618,.08266813,.08120787,.06926359,.02426971,.03168678,.03580497,.00276981,.00207808
1980,1,31,.0079682,.0611892,.2257801,.0926703,.1612681,.1803196,.1047203,.1016537,.036139,-.0041084,.053221,.2178119,.08470217,.15329998,.17235139,.09675214,.09368548,.02817088,-.0120766
1980,2,28,.0088606,-.0033055,-.0846868,-.0349021,.0009995,-.0948603,-.0232686,-.0222456,-.0130852,-.0560414,-.01216609,-.09354744,-.04376268,-.00786113,-.10372091,-.03212925,-.03110624,-.02194587,-.06490202
1980,3,31,.0120274,-.1243168,-.1330744,-.1654644,-.2062864,-.1179956,-.1442169,-.123072,-.1195721,-.081861,-.13634421,-.14510174,-.17749182,-.21831381,-.13002294,-.15624424,-.13509938,-.13159952,-.09388841
1980,4,30,.0125213,.0509782,-.0308717,.0187236,.0228372,.0184291,.042197,-.0394687,.0533512,.0452601,.03845696,-.04339294,.00620233,.01031595,.00590785,.02967577,-.05199002,.04082989,.03273885
1980,5,31,.0080674,.0589291,.0056838,.0365248,.0504079,-.0030045,.093126,.0569473,.0862694,.0913934,.0508617,-.00238355,.0284574,.04234053,-.01107188,.08505861,.04887991,.07820207,.08332605
1980,6,30,.0060815,.0360426,-.0011006,.0223484,.0237165,.018331,.0366212,.0265446,.0523078,.0246926,.02996112,-.00718208,.01626693,.01763506,.01224949,.03053971,.02046309,.04622631,.01861114
1980,7,31,.005286,.0678455,.1127035,.1505729,.1200915,.0871864,.0863612,.1153801,.0472652,.1046302,.06255954,.10741749,.14528685,.11480548,.08190035,.08107517,.11009414,.04197919,.09934424
1980,8,31,.0063796,.0241071,.015578,.0024969,.010841,.0353671,.0125213,.0721346,.0300441,.0027961,.01772747,.00919842,-.00388273,.00446142,.02898754,.00614167,.06575499,.02366451,-.00358352
1980,9,30,.007472,.0289761,.0421012,.0340149,.0448778,.0438255,.0105442,.0695261,.0426763,-.0078306,.02150409,.03462916,.02654286,.03740575,.03635346,.0030722,.06205405,.03520426,-.01530259
1980,10,31,.0094552,.0199007,-.0318003,-.0003,-.0103534,-.016841,.004689,.0348844,.0252778,-.0186733,.0104455,-.04125547,-.0097552,-.01980857,-.02629618,-.00476617,.02542924,.01582265,-.02812842
1980,11,30,.0095542,.1002977,.1613533,.1535791,.0540146,.1692363,.0017984,.1361031,.0964005,.0093561,.09074351,.15179904,.14402488,.04446038,.15968211,-.00775583,.12654887,.08684628,-.00019812
1980,12,31,.0130149,-.0326265,.0575139,.0499324,-.0439519,.02137,-.0415514,-.0889405,-.0035061,.0022974,-.04564144,.04449897,.03691743,-.05696683,.00835509,-.05456637,-.10195545,-.01652108,-.01071758
1981,1,31,.0103463,-.040822,-.0709591,-.0939811,.0071742,-.1253365,.0445909,-.0873023,-.0383251,.0045895,-.05116829,-.08130538,-.10432736,-.00317209,-.13568278,.03424459,-.09764862,-.04867141,-.00575684
1981,2,28,.0106432,.0161686,-.0391567,-.0068232,.0251803,-.0149106,.0312079,.007472,.0167588,.0316924,.00552542,-.04979988,-.01746639,.01453714,-.02555377,.02056477,-.00317115,.00611562,.02104929
1981,3,31,.0120274,.0465973,.0287818,.0508832,.1819048,.0161686,.0765906,.1176941,.0672847,.1265445,.0345699,.01675442,.03885583,.16987743,.0041412,.06456322,.10566676,.05525737,.11451716
1981,4,30,.0107421,-.0102524,.0102473,-.0123763,-.0159262,.0030952,-.020713,.0443996,.0023971,.0413339,-.02099447,-.00049478,-.02311837,-.02666825,-.00764689,-.03145514,.03365749,-.00834497,.03059176
1981,5,31,.0114344,.0125213,-.0068232,.0049875,-.0008003,-.0191828,.0127188,.0576083,.0185273,.0251803,.0010869,-.0182576,-.00644684,-.0122347,-.0306172,.00128439,.04617393,.00709293,.01374592
1981,6,30,.0134097,-.0101513,-.0287082,-.0680647,-.0657125,-.0150121,.0059821,-.0982746,.0061809,-.012275,-.02356104,-.04211785,-.08147442,-.07912223,-.02842181,-.00742762,-.11168425,-.00722883,-.02568472
1981,7,31,.0123238,-.0030045,-.065499,-.0400931,.0017984,-.0877389,-.0108587,-.0728933,-.020713,-.0280909,-.01532826,-.07782273,-.05241684,-.01052537,-.10006266,-.02318249,-.08521708,-.03303679,-.04041463
1981,8,31,.0127188,-.0592194,-.1131687,-.0834903,-.0750469,-.1598167,-.0589011,-.0273712,-.0539283,-.0626204,-.07193813,-.12588747,-.09620909,-.08776565,-.17253548,-.07161988,-.04008997,-.06664711,-.07533914
1981,9,30,.0123238,-.061131,-.0495054,-.0620882,-.1000414,-.0534008,-.0063199,-.0229616,-.0397809,-.0270629,-.07345475,-.06182917,-.07441194,-.11236511,-.06572452,-.01864368,-.03528536,-.05210462,-.03938667
1981,10,31,.0120274,.0594946,.0655068,.0717624,.0123237,.1114519,.0794579,.1058004,.0761274,.0532564,.04746719,.05347942,.05973499,.00029637,.09942454,.06743054,.09377304,.06409998,.04122898
1981,11,30,.0106432,.0433468,-.0143018,-.0741849,.0431553,-.0553013,.0330479,-.0367677,.0576083,.0114344,.03270364,-.02494495,-.08482806,.03251211,-.06594448,.02240469,-.04741088,.04696515,.00079122
1981,12,31,.0086624,-.0281937,-.0017014,.0029955,-.0269602,.0271287,-.0217345,-.0050125,-.0297378,-.018979,-.03685611,-.01036382,-.00566686,-.03562256,.01846629,-.03039687,-.01367491,-.03840019,-.02764134
1982,1,31,.0079682,-.0247026,-.0469868,-.0271657,-.0932124,.0249853,.0182328,-.0015011,-.0387408,.0130149,-.03267078,-.05495496,-.03513384,-.10118055,.01701708,.0102646,-.0094693,-.046709,.00504677
1982,2,28,.0091579,-.0506619,-.0559356,.0062802,-.0482453,-.0929929,-.0156214,-.0905814,-.0462534,-.0058169,-.05981985,-.06509357,-.0028777,-.05740325,-.10215081,-.02477932,-.09973931,-.05541132,-.01497482
1982,3,31,.0097523,-.0089398,.0038924,-.0957403,-.0530844,.0073728,.0462154,.0577971,-.0236781,.0481233,-.01869213,-.00585988,-.10549256,-.06283666,-.00237954,.03646313,.04804481,-.03343042,.03837098
1982,4,30,.0112366,.0430595,.0499324,.0702721,.0158733,.1306773,.0945826,.0757566,.0449734,.0597772,.03182286,.03869574,.05903542,.00463672,.11944069,.08334601,.06451998,.03373673,.04854057
1982,5,31,.0105442,-.0297378,-.0434296,-.0298408,-.0706371,-.0964008,-.0253178,-.0651787,-.0461487,-.026652,-.04028203,-.05397377,-.04038506,-.08118129,-.10694498,-.03586202,-.07572294,-.05669287,-.03719625
1982,6,30,.0095542,-.0215301,-.0219389,-.0395728,-.0693501,.034498,.0212721,-.012275,-.0264466,.0344014,-.03108433,-.03149312,-.04912699,-.07890429,.02494383,.01171792,-.02182924,-.03600086,.02484721
1982,7,31,.0104453,-.0216323,.0376811,.013311,-.0471964,.0097523,.0831456,.040758,-.026344,.005286,-.03207756,.02723581,.00286576,-.05764169,-.00069297,.07270032,.03031273,-.03678923,-.00515925
1982,8,31,.0075713,.1124354,.1874749,.2824685,.1250455,.1342686,.0397014,.0718554,.1202688,.1103779,.10486417,.17990366,.27489724,.11747422,.12669735,.0321301,.06428417,.11269756,.10280664
1982,9,30,.005087,.0178399,.0055844,-.0138961,-.0532953,-.0197946,.0599656,.0043903,.0498372,.0538251,.01275288,.00049734,-.01898314,-.05838234,-.02488167,.05487854,-.00069669,.0447502,.04873805
1982,10,31,.0058827,.1123461,.1502287,.1408917,.0890177,.0218593,.0673782,.1768064,.1365394,.1578581,.1064634,.14434604,.13500908,.08313504,.01597667,.06149557,.17092371,.1306567,.15197543
1982,11,30,.0062802,.0516432,.043634,.0585519,.0358497,-.0344879,.0682192,.1110046,.0566638,.111094,.045363,.0373538,.05227165,.02956942,-.04076817,.061939,.10472432,.05038361,.10481381
1982,12,31,.0066777,.0121262,.0216636,-.0441609,.0553401,.0369104,-.0403013,-.0898153,-.020713,-.0304592,.00544853,.01498599,-.05083855,.04866244,.0302327,-.04697895,-.09649296,-.0273907,-.03713686
1983,1,31,.0068763,.0420053,.0711106,.0189199,.0777015,.1244276,.0163654,.0941277,.0026964,.0066777,.03512899,.06423432,.01204358,.0708252,.11755127,.00948905,.08725136,-.00417994,-.00019865
1983,2,28,.0061809,.0315956,.0606246,.0224462,.0386436,.0724137,.0457379,.1200915,.0434426,.0739937,.0254147,.05444376,.01626533,.03246276,.06623282,.03955703,.11391062,.0372617,.06781282
1983,3,31,.0062802,.0339182,.0651321,.0593061,.028879,.0118298,.1062501,-.0970617,.059683,.1015633,.02763798,.05885186,.05302587,.02259872,.00554951,.09996988,-.10334195,.05340277,.09528307
1983,4,30,.0070749,.0712038,.0482186,.1296238,.0300441,.1307651,.0524027,.0351741,.0888347,.0932171,.06412885,.04114366,.12254886,.02296921,.12369016,.04532777,.02809916,.0817598,.08614217
1983,5,31,.0068763,.0120274,.0059821,.0569473,.0908457,.0357532,-.0336602,.0904804,.0170538,-.0001,.00515108,-.00089423,.05007098,.08396938,.02887687,-.0405365,.08360405,.01017745,-.00697631
1983,6,30,.0066777,.0367176,.0723207,.040854,-.0199986,.0375848,-.0001,.1084956,.0116321,.061001,.03003993,.06564301,.03417634,-.0266763,.0309071,-.00677766,.10181794,.00495443,.05432337
1983,7,31,.0073728,-.0338671,-.061769,-.0065212,-.0077298,-.0136933,-.0036065,-.0202027,-.0066219,-.0228593,-.04123983,-.06914178,-.01389397,-.01510255,-.02106608,-.01097925,-.02757546,-.01399463,-.03023205
1983,8,31,.0075713,.0025966,-.0530844,-.0199986,.0725997,-.0877389,.0316924,.0021976,.0008996,-.0557241,-.00497464,-.06065564,-.02756991,.06502843,-.09531018,.02412118,-.00537368,-.00667167,-.06329542
1983,9,30,.0075713,.0166604,.036139,.0507882,-.0211215,.1348805,.0461199,.0226417,.0135084,.0199987,.00908918,.02856778,.0432169,-.02869276,.12730921,.03854867,.01507046,.00593708,.01242742
1983,10,31,.0075713,-.0271657,-.0386369,-.0100503,-.0530844,.001399,-.0276796,-.0541394,-.0218367,-.0082338,-.03473693,-.04620815,-.0176216,-.06065564,-.00617224,-.03525083,-.06171071,-.02940796,-.01580507
1983,11,30,.0069756,.0281987,.1030078,.0444952,.0902063,.0607187,-.0353163,.0439212,.0254728,.0414298,.02122304,.09603214,.03751963,.08323065,.05374312,-.04229196,.03694557,.01849718,.0344542
1983,12,31,.0072735,-.0105555,-.0164343,-.0351092,.0138043,-.0011006,-.0271657,-.0080322,-.0061187,-.0624075,-.017829,-.02370779,-.04238266,.0065308,-.00837409,-.03443915,-.01530566,-.01339217,-.06968095
1984,1,31,.0075713,-.0116678,-.0119714,-.0561472,-.0194887,-.0699934,-.0160278,-.0792597,.0005998,-.066033,-.01923907,-.01954264,-.06371843,-.02705994,-.07756464,-.02359903,-.08683095,-.00697145,-.07360423
1984,2,28,.0070749,-.0419685,-.0712812,-.1187835,-.082621,-.0773131,-.0767731,-.0632593,-.0521358,-.0441609,-.0490434,-.07835612,-.12585845,-.08969594,-.08438802,-.08384797,-.07033425,-.05921067,-.05123581
1984,3,31,.0072735,.0135084,-.0393647,.04095,.0565694,-.0261387,-.0149106,.0215658,.0173486,.0027961,.00623487,-.04663821,.0336765,.04929587,-.03341214,-.0221841,.01429229,.01007515,-.0044774
1984,4,30,.0080674,.0028958,.0068763,.0293646,-.0561472,.0732505,-.0047111,.0429637,.0006998,.0077697,-.00517157,-.00119107,.02129724,-.06421453,.06518309,-.01277845,.03489633,-.00736762,-.00029763
1984,5,31,.0077697,-.0532953,-.0130852,-.0892685,-.1024758,-.0730009,-.0026034,-.1013685,-.0519251,-.0517144,-.06106503,-.02085498,-.0970382,-.11024553,-.08077063,-.01037312,-.10913824,-.05969481,-.05948417
1984,6,30,.007472,.0253753,.0875529,.0555293,-.0132879,.1257512,.0076705,-.0099493,.0146915,.0739937,.01790329,.08008088,.0480573,-.02075991,.11827919,.00019849,-.01742135,.00721953,.06652166
1984,7,31,.0081666,-.0193867,.0391246,.0454513,-.0961806,.004689,-.0291199,.0211742,-.0058169,.0104453,-.02755328,.03095799,.0372847,-.10434712,-.00347757,-.03728646,.01300767,-.01398345,.00227869
1984,8,31,.0082657,.1053505,.1289208,.1160037,.1301507,.1733649,.0569473,.1561487,.0958555,.087278,.09708477,.12065504,.10773793,.12188494,.16509916,.04868154,.14788294,.08758975,.07901226
1984,9,30,.0085632,.0005998,-.0239854,-.0481404,-.0345914,-.044579,.0102473,-.0936516,.0227395,.0028958,-.00796341,-.03254859,-.0567036,-.04315468,-.05314228,.00168409,-.10221478,.01417626,-.00566743
1984,10,31,.0099503,.0015987,.0573251,.0788112,-.0185714,.0560967,.0461199,-.0222456,.006777,-.0123763,-.00835161,.04737474,.06886085,-.02852172,.04614641,.0361696,-.03219594,-.00317335,-.0223266
1984,11,30,.0072735,-.0103534,-.0726782,.0009995,-.0110609,.0201947,-.0011006,-.0706371,.0026964,-.0278852,-.0176269,-.07995171,-.00627398,-.01833443,.01292122,-.00837409,-.07791057,-.00457712,-.03515869
1984,12,31,.0063796,.0244975,.0402778,.073715,.0224462,.0507882,.0153811,.0328543,.0355602,-.0011006,.01811787,.03389824,.06733543,.01606658,.04440856,.00900149,.02647473,.02918057,-.00748021
1985,1,31,.006479,.0828695,.0956737,.0403739,.1000263,.0992117,.0512633,.1011115,.0780715,.1200915,.07639051,.08919478,.03389493,.09354735,.09273269,.04478433,.09463254,.07159257,.11361252
1985,2,28,.0057832,.0178399,.0656005,.0411419,-.0036065,.0215658,.0141987,-.0096464,.0177417,.0228372,.01205667,.05981721,.0353587,-.00938974,.01578253,.00841547,-.01542962,.01195844,.01705399
1985,3,31,.0061809,-.0022024,-.0393647,-.0653922,-.0335568,-.054773,.0419094,-.0220411,.0022974,-.0068232,-.00838328,-.04554558,-.07157308,-.03973764,-.06095388,.03572855,-.02822199,-.0038835,-.01300408
1985,4,30,.0071742,-.0024029,-.0219389,-.0325232,-.0499258,-.0943107,.014593,-.0515038,.0199007,.0034939,-.00957709,-.02911311,-.0396974,-.05710001,-.10148488,.0074188,-.05867805,.01272646,-.00368031
1985,5,31,.0065783,.0559076,.0899321,.1037292,.0165621,.0564748,.081119,.0751075,.0575139,.1080469,.04932932,.08335379,.09715087,.00998377,.04989653,.07454073,.06852916,.05093559,.10146859
1985,6,30,.0054849,.0180364,.0080674,.0154796,-.0067225,.0306262,.036139,.0197046,.027907,.013311,.01255143,.00258244,.00999464,-.01220748,.02514126,.03065412,.01421965,.02242202,.00782608
1985,7,31,.0061809,-.0012007,.0357532,.0442083,.0738079,.0281014,.0117309,.0095542,-.011769,-.058583,-.00738158,.02957231,.0380274,.06762707,.02192057,.00555006,.00337335,-.01794984,-.06476382
1985,8,31,.0054849,-.0047111,-.0044097,-.0319036,-.0186733,.0174469,.0222506,-.0004001,-.0006002,-.0033055,-.01019601,-.00989464,-.03738848,-.0241582,.01196198,.01676568,-.00588501,-.00608511,-.00879039
1985,9,30,.0059821,-.0401972,-.0804511,-.0565704,-.0455205,-.1007047,-.0075283,-.0541394,-.0383251,-.0432207,-.04617926,-.0864332,-.06255242,-.05150259,-.10668678,-.01351034,-.06012152,-.04430719,-.04920277
1985,10,31,.006479,.0456424,.0080674,.0072735,-.0440564,-.0722482,.0548669,-.0418642,.0618474,.0792732,.03916339,.00158841,.00079452,-.05053535,-.07872713,.04838793,-.04834317,.05536844,.07279422
1985,11,30,.0060815,.0684994,.0577971,.0763127,.0585519,.0767758,.0240095,.1000263,.0699924,.0711106,.06241795,.05171563,.07023121,.05247042,.07069437,.01792798,.09394485,.0639109,.06502916
1985,12,31,.006479,.0443039,.0327576,.0542988,.0265446,.0103463,.1140427,.0574195,.0512633,.040758,.03782496,.0262786,.04781981,.02006559,.00386733,.10756375,.05094052,.04478433,.03427903
1986,1,31,.0055844,.0120274,-.0063199,-.0087381,.0263498,.0303352,-.0086372,.0211742,.0243999,.0165621,.006443,-.01190431,-.01432244,.0207654,.02475082,-.01422157,.01558986,.01881551,.01097771
1986,2,28,.005286,.0738079,.1042699,.0524976,.0515483,.0820407,.0742722,.1018343,.0786263,.0697126,.06852192,.09898392,.04721156,.04626226,.07675471,.06898624,.0965483,.07334032,.06442661
1986,3,31,.0059821,.0533512,.0583632,.022935,.0379699,.0712969,.0877361,.0549616,.053446,.0871864,.0473691,.05238117,.0169529,.03198786,.06531481,.08175404,.04897949,.0474639,.08120429
1986,4,30,.0051865,-.0079314,-.0457298,.0313049,-.0553013,-.0652855,-.0296348,.038355,-.0335568,-.0070246,-.0131179,-.05091638,.02611832,-.06048784,-.070472,-.03482133,.03316843,-.03874331,-.01221114
1986,5,31,.004888,.0498372,.0215658,.0551508,.0160702,.0142973,.0617534,.031111,.0505981,.1129715,.0449492,.01667774,.05026281,.01118215,.00940927,.05686536,.02622296,.04571002,.10808345
1986,6,30,.0051865,.0153811,.0154796,-.0225524,-.0344879,-.018164,.0844331,-.0672087,.0287818,.0464064,.01019457,.01029304,-.02773893,-.03967446,-.0233505,.07924653,-.07239528,.02359528,.04121985
1986,7,31,.0051865,-.061131,-.0908004,-.1248832,-.1693658,-.0938712,-.0303561,-.0730009,-.0569937,-.098716,-.06631752,-.09598689,-.13006971,-.17455237,-.09905774,-.03554265,-.07818742,-.06218025,-.1039025
1986,8,31,.0045895,.0632565,.0511683,.1006595,.0836976,.0415257,-.0144032,.0777015,.0668172,.0142973,.058667,.04657883,.09607003,.0791081,.03693629,-.01899268,.07311205,.06222772,.00970785
1986,9,30,.0044899,-.0850134,-.0831642,-.0505567,.0199007,-.0527681,-.0844692,-.1024758,-.1066947,-.0881757,-.08950329,-.08765415,-.05504663,.01541076,-.05725797,-.08895907,-.10696569,-.11118464,-.09266559
1986,10,31,.0045895,.0499324,.015578,-.0253178,.0290732,.0184291,.0727857,.0082657,.0461199,.076961,.04534292,.01098858,-.02990726,.0244838,.01383968,.06819622,.00367629,.04153048,.07237159
1986,11,30,.0038924,.0154796,.0278097,.0468836,-.0569937,.018331,.0079682,.0030952,-.0037069,.0200967,.01158716,.02391729,.04299117,-.06088614,.01443854,.00407576,-.00079721,-.00759928,.01620429
1986,12,31,.004888,-.0281937,-.0326265,-.1529181,-.0314907,-.0753703,-.0231663,-.080126,-.0314907,-.0740772,-.03308177,-.03751454,-.15780614,-.0363787,-.08025834,-.02805431,-.08501408,-.0363787,-.07896524
1987,1,31,.0041912,.1212437,.0350775,.110557,.1274253,.092488,.1990148,.1830713,.1080469,.0983963,.11705251,.03088632,.10636578,.12323409,.08829681,.19482358,.17888007,.1038557,.09420512
1987,2,28,.0042908,.0470744,.0685928,.0542988,.075293,.0562858,.0329511,.0878277,.0175452,.1102884,.04278362,.06430201,.05000799,.0710022,.05199503,.02866032,.08353693,.0132544,.10599757
1987,3,31,.004689,.0208805,-.0187752,.0446865,.0687795,-.0740772,.0085632,.0471698,.0021976,.0191161,.01619149,-.02346414,.03999753,.06409052,-.07876619,.00387424,.04248081,-.00249141,.01442713
1987,4,30,.0043903,-.016841,-.1126089,.0215658,.0339182,-.1005941,.0412379,.0559076,-.0466724,-.0248051,-.02123136,-.11699929,.01717543,.02952787,-.10498446,.03684756,.05151728,-.05106276,-.02919547
1987,5,31,.0037928,.004888,.0057832,-.0011006,.038355,-.0008003,-.0460439,-.0338671,-.0005001,.0055844,.00109524,.00199045,-.0048934,.03456216,-.00459312,-.04983674,-.03765987,-.00429292,.00179158
1987,6,30,.0047885,.043251,.0522129,.0312079,.0336282,.0403739,.0207825,-.0073268,.0424846,.0725997,.03846253,.04742436,.02641941,.02883967,.03558538,.01599402,-.01211529,.0376961,.06781118
1987,7,31,.0045895,.042197,.1087647,.0452601,.1741214,.0509782,.0809346,.0425804,.0314018,.0649447,.0376076,.10417526,.04067068,.16953191,.04638879,.07634517,.03799099,.02681231,.06035524
1987,8,31,.004689,.0391246,.0107421,.027907,-.0425944,.0087615,.0205866,.0846168,.0487902,.0332413,.03443557,.00605311,.02321796,-.04728339,.00407252,.01589764,.07992786,.04410117,.02855235
1987,9,30,.0044899,-.0216323,-.0248051,-.0239854,.0351741,-.0067225,.006777,-.0191828,-.0126801,-.0736465,-.0261222,-.02929502,-.02847527,.03068417,-.01121245,.00228708,-.02367272,-.01716996,-.07813644
1987,10,31,.0059821,-.2567003,-.3599661,-.3232402,-.3635557,-.389641,-.199305,-.4217469,-.2590298,-.3448875,-.2626824,-.36594813,-.32922225,-.36953777,-.39562305,-.20528703,-.42772901,-.2650119,-.35086962
1987,11,30,.0034939,-.0770971,-.0979436,-.0133892,.0227395,-.0698861,-.0496105,-.1204742,-.0618754,-.0977231,-.08059094,-.10143753,-.01688313,.0192456,-.07338002,-.05310439,-.12396805,-.06536929,-.10121698
1987,12,31,.0038924,.0695261,.0523078,.0384512,.098487,.1249572,.119293,.1562342,.0334348,.076498,.06563365,.04841536,.03455877,.09459454,.12106483,.11540059,.15234181,.02954236,.07260555
1988,1,31,.0028958,.0440169,.1365394,.1130608,-.0299439,.0719485,-.0026034,-.0647519,.0794579,.0677521,.04112108,.13364356,.11016499,-.03283968,.0690527,-.00549919,-.06764768,.07656212,.0648563
1988,2,28,.0045895,.0507882,.0495518,.031111,.090937,.0397014,.0532564,.0973989,.040854,.1122567,.04619871,.04496233,.02652154,.08634755,.03511192,.04866691,.09280945,.03626454,.10766723
1988,3,31,.0043903,-.0184695,-.005113,-.0215301,-.0369752,.0333381,.0057832,-.0174514,-.0199986,-.0118702,-.02285986,-.0095034,-.02592047,-.04136559,.02894771,.0013929,-.02184174,-.02438899,-.01626052
1988,4,30,.0045895,.0101483,.0146915,.0332413,.0568528,.0492662,-.0232686,.0402778,-.0059175,.0233258,.00555888,.0101021,.02865188,.05226336,.04467679,-.02785808,.0356884,-.01050693,.01873637
1988,5,31,.005087,.0021976,.0249853,-.0116678,-.0047111,-.005113,-.0232686,.0053855,.0153811,-.0145047,-.00288946,.01989821,-.01675484,-.00979812,-.01020009,-.02835567,.00029843,.01029406,-.01959173
1988,6,30,.004888,.0514533,.0540146,.0464064,.0621294,-.0084355,.0848006,.1101092,.0573251,.0672847,.04656525,.04912656,.04151834,.05724134,-.01332351,.07991257,.10522119,.05243703,.06239671
1988,7,31,.005087,-.0074275,.0020978,-.0253178,.0141987,-.0519251,-.0297378,-.0241902,.0009995,-.0041084,-.01251455,-.00298924,-.03040485,.00911168,-.05701211,-.03482486,-.02927728,-.00408754,-.00919547
1988,8,31,.0058827,-.0275768,-.03335,-.0703152,-.0501361,-.0653922,.0131136,-.0642186,-.0034058,-.0262413,-.03345943,-.03923264,-.07619784,-.05601873,-.07127488,.00723098,-.07010123,-.00928846,-.03212397
1988,9,30,.0061809,.0384512,.0589291,.0414298,.0083649,-.0382212,.0962189,.0485044,.0214679,.0848925,.03227033,.05274821,.03524895,.00218406,-.04440207,.090038,.04232355,.01528705,.0787116
1988,10,31,.0060815,.0174469,.015578,.0238142,.0416217,-.0045102,.003992,.0008996,.0010994,.0214679,.01136544,.00949656,.01773271,.0355402,-.01059163,-.00208945,-.00518188,-.00498207,.01538644
1988,11,30,.0056838,-.0173496,-.0309748,-.0502412,-.0176549,-.0735389,-.0005001,-.0382212,-.0184695,-.0269602,-.02303346,-.03665862,-.05592503,-.02333875,-.07922272,-.00618394,-.04390503,-.02415333,-.032644
1988,12,31,.0062802,.0209784,-.0030045,-.0145047,.0392207,.032564,.0055844,.0489806,.0015987,.0093561,.01469817,-.00928475,-.02078492,.03294048,.02628375,-.00069586,.04270038,-.00468152,.00307586
1989,1,31,.0054849,.0643823,.0576083,.0575139,.1123461,.0593061,.0507882,.0953102,.0687795,.0625052,.05889733,.05212338,.05202898,.10686113,.05382118,.04530324,.08982525,.06329458,.05702027
1989,2,28,.0060815,-.016536,-.0086372,.0442083,-.0365603,.0439212,.0005998,.0416217,-.0052136,-.0176549,-.02261744,-.01471866,.03812678,-.04264172,.03783971,-.00548165,.0355402,-.01129504,-.02373641
1989,3,31,.0066777,.0221528,.038355,.0014989,-.0193867,.0030952,.0749219,.0708312,.0281987,.0312079,.01547515,.0316773,-.00517878,-.02606437,-.00358245,.06824427,.06415353,.021521,.02453027
1989,4,30,.0066777,.0487902,.043251,.0016986,.0336282,.0736221,.0669107,.047742,.028879,.0564748,.04211251,.03657339,-.0049791,.02695053,.06694448,.06023305,.04106434,.02220131,.04979719
1989,5,31,.007869,.040566,.0239118,.031111,.0116321,.029753,.085168,.0735292,.0233258,.0541093,.032697,.01604286,.02324204,.00376313,.021884,.07729906,.06566028,.01545687,.04624037
1989,6,30,.0070749,-.0064206,-.0463581,-.0185714,-.0387408,-.0543506,-.0146062,.0750147,.003992,-.0232686,-.01349548,-.05343304,-.0256463,-.04581574,-.06142551,-.02168107,.06793979,-.00308289,-.03034354
1989,7,31,.0069756,.0760347,.0711106,.0494566,.0639133,-.0133892,.1540935,.0947646,.0703653,.0997548,.06905907,.06413501,.042481,.05693771,-.02036485,.14711792,.08778896,.06338965,.09277922
1989,8,31,.0073728,.0215658,.031111,.043634,.0768684,-.0068232,-.0425944,-.0091417,.0290732,.0363319,.01419302,.02373824,.03626128,.06949569,-.01419598,-.04996715,-.01651441,.02170049,.02895918
1989,9,30,.006479,-.0011006,-.0084355,-.016536,-.0257281,.0009995,.0147901,.001998,-.0015011,-.027988,-.00757957,-.01491444,-.02301493,-.03220711,-.00547947,.00831112,-.00448096,-.00798009,-.034467
1989,10,31,.006777,-.0303561,-.0480354,-.0195907,-.0960705,-.1459511,.0167588,-.0319036,-.0404054,-.0448928,-.0371331,-.05481243,-.02636763,-.10284745,-.15272804,.0099818,-.03868053,-.0471824,-.05166975
1989,11,30,.0068763,.0170538,-.0025031,-.1208126,.0235212,-.0841428,.0371031,-.0073268,-.0129839,.0101483,.01017745,-.00937943,-.12768893,.01664489,-.09101907,.03022678,-.01420308,-.01986023,.00327203
1989,12,31,.0060815,.0175452,-.0004001,.0843412,.0063796,-.0390527,.0156765,-.0079314,-.0253178,.0056838,.01146371,-.00648155,.07825968,.00029814,-.0451342,.00959501,-.01401284,-.03139928,-.00039765
1990,1,31,.0056838,-.075586,-.0410303,-.0362491,-.091896,-.1508229,-.0946404,-.1208126,-.0861027,-.057947,-.0812698,-.04671417,-.04193295,-.09757983,-.15650671,-.10032422,-.12649644,-.09178652,-.06363078
1990,2,28,.0056838,.0166604,.0442083,-.0281937,.0318862,-.0861027,.005087,.0062802,.0085632,.0219572,.01097663,.03852444,-.03387755,.02620237,-.09178652,-.00059678,.00059642,.00287941,.01627335
1990,3,31,.0063796,.0243999,.0794579,.0332413,.0609069,.1324308,.0602481,.0653195,-.0212236,.0586462,.01802028,.07307832,.02686173,.05452733,.12605118,.05386847,.05893986,-.02760324,.05226659
1990,4,30,.0068763,-.0270629,-.0577351,.0022974,-.0731085,.022935,.022935,-.0608121,-.0344879,-.0173496,-.03393922,-.06461136,-.00457894,-.07998478,.01605867,.01605867,-.06768844,-.04136424,-.02422594
1990,5,31,.006777,.0870947,.1019246,.0911196,.0705517,.0148886,.1476438,.1168048,.0423888,.1132394,.08031773,.09514763,.08434261,.06377467,.00811163,.14086686,.1100278,.03561178,.10646241
1990,6,30,.0062802,-.0046106,.0033942,-.0219389,-.0146062,.042197,.0100493,-.0432207,-.0055152,.0159718,-.01089085,-.002886,-.02821915,-.02088639,.03591681,.0037691,-.04950094,-.01179542,.00969153
1990,7,31,.006777,-.012275,-.0294288,-.0718183,.0553401,-.0420728,.0002,-.0938712,-.0557241,-.0372866,-.01905202,-.0362058,-.07859527,.04856311,-.04884976,-.006577,-.1006482,-.06250113,-.04406357
1990,8,31,.0065783,-.0997098,-.143524,-.0953002,-.1080307,-.1026974,-.0503464,-.159934,-.1151864,-.1371952,-.10628816,-.15010232,-.1018785,-.11460906,-.10927572,-.05692469,-.16651235,-.12176473,-.14377355
1990,9,30,.0059821,-.056782,-.1071399,.0075713,-.063579,-.0292229,-.0686001,-.0894872,-.1131687,-.0984952,-.06276409,-.11312195,.00158919,-.06956105,-.03520493,-.07458216,-.09546924,-.11915077,-.10447732
1990,10,31,.006777,-.0124775,.0274206,-.0037069,-.1214899,-.2586412,.0725997,-.0146062,-.0716034,-.031078,-.01925451,.02064361,-.01048385,-.12826688,-.2654182,.06582271,-.02138314,-.0783804,-.03785494
1990,11,30,.0056838,.0669107,.0205866,.0958555,.0289761,.0933082,.0509782,.0927615,.0757566,.1104675,.06122689,.01490282,.09017167,.02329229,.08762436,.04529443,.08707767,.07007279,.10478364
1990,12,31,.0059821,.0301412,.038355,.0500275,.0765906,.034498,.0232281,.0219572,.0221528,.0281987,.02415908,.03237288,.04404542,.07060853,.02851597,.01724605,.0159751,.01617073,.02221658
1991,1,31,.0051865,.0507882,.0705517,.0682192,.0787188,.0166604,.0454513,.1125248,.0710175,.1110046,.04560164,.06536513,.06303271,.07353222,.01147391,.04026474,.10733826,.06583096,.10581803
1991,2,28,.0047885,.0739008,.0169554,-.0150121,.0642885,.0788112,.1029175,.1614383,.1093027,.073715,.06911229,.01216692,-.01980064,.05949997,.07402266,.09812902,.15664983,.10451422,.06892652
1991,3,31,.0043903,.0304322,.0032946,.0604364,.005286,-.0071253,.0551508,.0429637,.0917584,.0893836,.02604186,-.00109578,.05604602,.00089566,-.01151567,.0507605,.03857335,.08736807,.08499322
1991,4,30,.005286,.0024969,-.0105555,-.0131866,-.0010005,.0791808,-.0409262,.028879,.0093561,.0259601,-.00278912,-.01584152,-.01847257,-.0062865,.07389479,-.04621217,.02359296,.00407009,.0206741
1991,5,31,.004689,.0403739,.0607187,.0390284,.0411419,-.0792597,.0378737,.040566,.040566,.078164,.0356849,.05602975,.0343394,.03645295,-.08394867,.03318466,.03587697,.03587697,.07347503
1991,6,30,.0041912,-.0462534,-.0360418,-.0065212,-.0491902,-.0916768,-.0591133,-.0560414,-.037079,-.0453112,-.05044459,-.04023298,-.01071242,-.05338145,-.095868,-.06330447,-.06023259,-.04127021,-.04950243
1991,7,31,.004888,.0462154,.0559076,.0137056,.0441126,.0597772,.0870947,.0068763,.0703653,.0552455,.04132739,.0510196,.00881761,.03922454,.05488917,.08220668,.00198827,.06547723,.05035744
1991,8,31,.0045895,.0274206,.0310141,-.0416557,.0088606,-.0760175,.0578915,.0152826,.0441126,.0483139,.02283114,.0264246,-.04624513,.00427118,-.08060694,.05330203,.01069317,.03952312,.04372441
1991,9,30,.0045895,-.0113643,.0031949,-.0177567,-.0337636,-.1025866,-.0471964,.0813956,.0097523,-.043534,-.01595378,-.00139456,-.02234617,-.03835308,-.10717604,-.05178589,.07680618,.00516284,-.04812346
1991,10,31,.0041912,.0169554,.0323704,.0333381,-.0097474,.0121262,.0206846,.1098405,-.0008003,-.0318003,.01276424,.02817918,.02914686,-.01393856,.00793498,.01649339,.10564926,-.00499152,-.03599152
1991,11,30,.0038924,-.0387408,-.0609184,-.027988,-.0798011,-.0519251,.02985,.0160702,-.0358345,-.0052136,-.04263324,-.06481083,-.03188045,-.08369349,-.05581749,.02595761,.01217777,-.03972687,-.00910598
1991,12,31,.0037928,.10634,.093126,.0688729,.0683126,.1464353,.1433208,.1147562,.1182274,.124251,.10254724,.08933318,.06508007,.06451984,.14264248,.13952802,.11096344,.11443458,.12045816
1992,1,31,.0033942,-.0025031,.038836,-.0319036,.0316924,.0592119,-.031078,.0107421,.0402778,-.0028039,-.00589736,.03544179,-.03529778,.02829821,.05581763,-.03447219,.00734786,.03688361,-.00619816
1992,2,28,.0027961,.013607,-.03335,.0161686,.0677521,-.0078306,.0148886,.0621294,.0322736,.0286846,.01081092,-.03614607,.01337249,.06495602,-.01062667,.01209253,.05933328,.02947747,.02588855
1992,3,31,.0033942,-.0234734,-.0085363,-.0559356,-.0133892,-.0024029,.0134097,-.0276796,.0132123,-.013592,-.02686759,-.01193056,-.05932987,-.01678347,-.00579712,.01001545,-.0310738,.0098181,-.01698619
1992,4,30,.0031949,.0138043,.0207825,.0357532,.0365248,.1584557,.0188218,.0105442,-.0034058,-.0467772,.01060939,.01758765,.03255828,.03332988,.1552608,.01562686,.00734932,-.00660068,-.04997208
1992,5,31,.0027961,.0057832,-.0198966,-.0354199,.0090588,-.0773131,.0355602,.0625052,.0304322,-.0022024,.00298716,-.02269272,-.03821603,.00626276,-.08010919,.03276409,.05970912,.02763612,-.00499851
1992,6,30,.0031949,-.0204068,-.0481404,-.0130852,.0194104,-.0864297,-.0564645,-.0195907,-.004912,-.0182658,-.0236017,-.05133526,-.01628013,.0162155,-.08962462,-.05965943,-.02278554,-.00810694,-.0214607
1992,7,31,.0030952,.0399896,.0324672,.0577027,-.0019018,-.0601747,.0444952,.0241071,.0314018,.0420053,.03689444,.02937198,.05460751,-.00499701,-.06326993,.04140004,.02101187,.02830656,.03891009
1992,8,31,.0025966,-.0214279,-.0465676,.0200967,-.0958503,-.0412387,.0127188,-.0393647,-.0359381,.0004999,-.02402457,-.04916426,.01750008,-.09844696,-.04383537,.01012215,-.04196135,-.03853473,-.00209675
1992,9,30,.0025966,.0143959,-.0223479,.0111377,-.0043093,-.0208151,-.0213258,.0617534,.019018,.0420053,.01179925,-.02494449,.00854112,-.0069059,-.02341176,-.02392241,.05915677,.01642138,.03940867
1992,10,31,.0022974,.0124225,.0337249,-.0031048,.0154796,.0691529,.0201947,.0164637,.0323704,.0440169,.01012516,.03142751,-.00540217,.01318221,.0668555,.01789735,.01416637,.03007302,.04171953
1992,11,30,.0022974,.0426763,.0096533,.0618474,.0675652,.098215,.0069756,.0538251,.0740865,.0680324,.04037892,.0073559,.05955005,.06526782,.09591769,.00467825,.05152773,.07178918,.06573505
1992,12,31,.0027961,.0179381,.0840654,.0937635,.0390284,.067939,.0285875,-.0423857,.0493614,.0017984,.01514206,.08126929,.09096744,.0362323,.0651429,.02579137,-.0451818,.04656534,-.00099771
1993,1,31,.0022974,.0115332,-.0380134,-.0054146,.0631626,-.0075283,.0085632,.0527822,.0366212,-.002002,.00923588,-.0403108,-.00771199,.06086522,-.00982563,.00626587,.05048483,.03432382,-.00429936
1993,2,28,.0021976,.0033942,.0203907,.0324672,-.005113,-.0035061,-.0237805,-.1018113,.0200967,-.0178585,.00119665,.01819311,.03026961,-.00731063,-.00570372,-.02597811,-.10400885,.01789912,-.0200561
1993,3,31,.0024969,.0251803,.0369104,.0513583,-.0083346,-.0306654,.0243023,.0259601,.0556239,.0290732,.02268342,.03441347,.04886141,-.01083152,-.03316229,.02180541,.02346322,.05312702,.02657637
1993,4,30,.0023971,-.0285024,.0200967,.0370067,-.022757,-.0701006,-.0962907,.0131136,-.0305623,-.0971719,-.03089948,.01769958,.0346096,-.02515411,-.07249775,-.09868779,.01071652,-.03295943,-.09956904
1993,5,31,.0021976,.0306262,.0462154,-.0211215,.040854,.0763127,.0313049,.0717624,.0176434,.0569473,.02842861,.04401784,-.02331908,.03865641,.0741151,.02910727,.06956478,.01544585,.0547497
1993,6,30,.0024969,.0055844,.0156765,.0669107,.0135084,-.096621,.0199007,.034981,.0493614,-.0353163,.0030875,.0131796,.06441383,.01101147,-.09911792,.01740378,.03248409,.04686455,-.03781323
1993,7,31,.0023971,-.0010005,.0347878,.0202927,-.0253178,.0186255,.0001,.0113355,.0337249,.0011993,-.00339763,.0323907,.01789558,-.02771493,.01622834,-.00229713,.00893838,.03132775,-.00119784
1993,8,31,.0024969,.038836,.0314987,.0442083,.0274206,.0503128,.0212721,.0755712,.0555293,.0362355,.03633914,.02900179,.04171137,.02492372,.04781593,.01877526,.07307431,.05303243,.03373861
1993,9,30,.0025966,.001399,-.0134906,.0099503,-.0443699,.0858107,-.0150121,.0322736,.0385474,-.0034058,-.00119761,-.01608722,.00735371,-.04696658,.08321403,-.01760875,.02967693,.03595078,-.00600242
1993,10,31,.0021976,.0161686,.0054849,.0207825,.0420053,.0365248,.0210763,.0170538,-.0355236,.0468836,.013971,.00328735,.01858495,.03980771,.03432719,.01887874,.01485617,-.03772114,.044686
1993,11,30,.0024969,-.016536,.0243023,-.0294288,.0031949,-.0489802,-.0044097,-.0006002,-.0367677,.014593,-.01903285,.02180541,-.03192569,.00069801,-.05147706,-.00690659,-.00309706,-.0392646,.01209612
1993,12,31,.0022974,.0186255,.0660686,.0429637,.0662558,.0223484,.0415257,-.0725707,.0084641,-.0390527,.01632811,.06377124,.04066634,.06395844,.02005104,.03922839,-.07486805,.00616672,-.04135009
1994,1,31,.0024969,.0307232,.0233258,.0259601,.0993022,.0089597,-.0505567,.0201947,.0385474,.0004999,.02822629,.02082894,.02346322,.09680532,.00646286,-.0530536,.01769783,.03605053,-.00199701
1994,2,28,.0020978,-.0236781,.0194104,.0300441,-.0329365,.0102473,.0161686,.0556239,-.0424901,.0280042,-.02577592,.0173126,.02794632,-.0350343,.00814952,.01407078,.0535261,-.04458785,.0259064
1994,3,31,.0026964,-.0461487,-.0464629,-.0354199,-.0591133,-.0876298,-.0322133,-.0666741,-.0425944,-.0440564,-.04884502,-.04915924,-.03811631,-.06180962,-.09032612,-.03490968,-.06937049,-.04529076,-.04675275
1994,4,30,.0026964,.0094552,-.0012007,-.0151136,-.0098483,-.0457298,.0181346,.0008996,.0235212,.0022974,.0067588,-.00389708,-.01781,-.0125447,-.04842621,.01543821,-.00179677,.02082483,-.000399
1994,5,31,.0030952,.0088606,.029753,-.0360418,.0346912,.0470744,-.0219389,.0056838,.028879,-.025523,.00576542,.02665775,-.03913698,.03159603,.0439792,-.02503411,.00258861,.02578376,-.02861816
1994,6,30,.0030952,-.0275768,-.0191828,.0271287,.0093561,-.0331432,-.046882,-.0574173,-.030253,-.0167393,-.03067197,-.02227802,.02403346,.00626089,-.03623842,-.04997719,-.06051248,-.03334825,-.01983453
1994,7,31,.0027961,.0305292,.0040916,-.0086372,.0655068,-.0300469,.053446,.0148886,.0171521,.0088606,.02773312,.00129553,-.01143328,.06271071,-.03284301,.05064989,.01209253,.01435597,.00606454
1994,8,31,.0036932,.0428679,.0430595,.0498372,.0508832,.090389,.0504079,.040662,.0568528,.0445909,.03917473,.03936632,.04614406,.04719004,.08669583,.04671473,.03696881,.05315964,.04089771
1994,9,30,.0036932,-.0195906,-.05509,-.0792597,.003992,-.0334534,.024595,-.016231,-.0496105,-.0252152,-.02328382,-.05878314,-.08295285,.00029885,-.03714655,.02090188,-.01992419,-.05330367,-.02890842
1994,10,31,.0037928,.0170538,.0243023,.0266419,-.0392607,-.0416557,.0367176,.0602481,.0062802,.0113355,.01326096,.02050949,.02284913,-.04305351,-.04544847,.03292478,.05645528,.00248744,.00754271
1994,11,30,.0036932,-.0373904,-.0291199,-.0262413,-.0893778,-.0400931,.0086624,-.081644,-.0490852,-.0251127,-.04108356,-.03281307,-.02993448,-.09307099,-.04378627,.0049692,-.08533716,-.05277838,-.02880587
1994,12,31,.0043903,.0129162,.0504079,.0470744,.0428679,.0608128,.0188218,-.0484552,.0020978,-.0503464,.00852588,.04601756,.04268406,.03847755,.05642249,.01443141,-.05284557,-.00229255,-.05473672
1995,1,31,.0041912,.0219572,.0023971,.0274206,-.0609184,-.016231,.0280042,.0008996,.0398936,.0082657,.01776596,-.00179408,.02322939,-.06510962,-.02042222,.02381299,-.00329161,.03570236,.00407454
1995,2,28,.003992,.0395091,.0602481,.0651321,.032564,.0510733,.0475513,.0417176,.0613773,.0210763,.03551711,.05625606,.06114007,.02857197,.04708125,.04355928,.03772557,.05738526,.01708431
1995,3,31,.0045895,.026155,.0757566,.0153811,.02137,.0093561,.0237165,.0201947,.0071742,.0385474,.02156551,.07116716,.01079165,.01678057,.00476664,.01912708,.01560525,.00258475,.03395796
1995,4,30,.0043903,.0251803,.040758,.0817643,-.0002,-.0038072,.0317893,-.0509776,.0384512,-.0354199,.02078995,.03636764,.07737396,-.00459037,-.00819759,.02739897,-.0553679,.03406084,-.03981029
1995,5,31,.0053855,.0338215,.0586462,.0519281,.0164637,-.0486652,.0808424,.0594946,.0389322,.0276152,.02843608,.05326072,.04654262,.01107825,-.05405064,.07545692,.0541091,.03354674,.02222969
1995,6,30,.004689,.0314018,.0498372,.0045895,.0631626,.0107421,-.0013008,.0174469,.0474559,.0512633,.02671277,.04514825,-.00009954,.05847359,.00605311,-.00598984,.01275792,.04276695,.04657431
1995,7,31,.0044899,.040854,.0607187,.0088606,.0625052,.1130608,.0236189,.0454513,.0486949,.039413,.03636409,.05622883,.00437072,.0580153,.10857089,.01912896,.04096136,.04420501,.0349231
1995,8,31,.004689,.0101483,-.0163327,-.0024029,-.0004001,.0251803,-.0164343,.0089597,.045069,-.0359381,.00545934,-.02102164,-.00709187,-.00508907,.02049131,-.0211233,.00427075,.04037998,-.0406271
1995,9,30,.0042908,.0371031,.0542041,.0416217,-.0421771,.0118298,.0885602,-.0307685,.0460244,.0314018,.03281231,.04991327,.03733089,-.04646786,.00753897,.0842694,-.03505931,.04173366,.02711098
1995,10,31,.004689,-.0105555,-.0177567,-.0593255,-.0610247,-.0516091,.0385474,-.0600685,-.0282966,-.0852311,-.0152445,-.02244571,-.06401446,-.06571369,-.05629813,.03385842,-.06475752,-.03298559,-.08992013
1995,11,30,.0041912,.0428679,.0870947,.0939456,.0771462,.0533512,.0474559,.043251,.0381625,.0665365,.0386767,.08290351,.08975441,.07295501,.04915997,.04326474,.03905984,.03397126,.06234532
1995,12,31,.004888,.0150856,.040566,.0618474,-.004008,-.0026034,-.0080322,-.0004001,-.0134906,-.0160278,.0101976,.03567793,.05695937,-.00889606,-.00749142,-.01292021,-.00528811,-.01837862,-.0209158
1996,1,31,.0042908,.0265446,.0070749,.0928526,.0382587,-.0013008,.0320799,.0795503,.0435383,-.0147076,.02225377,.00278413,.08856183,.03396793,-.00559163,.02778911,.07525949,.03924752,-.01899841
1996,2,28,.0038924,.0170538,.031111,-.0073268,-.007226,.0244975,.0545829,.0146915,.02137,.0538251,.01316134,.02721858,-.01121919,-.01111846,.02060506,.05069046,.01079913,.01747761,.04993267
1996,3,31,.0038924,.0111377,.039413,.031983,.0524027,-.0047111,.0188218,-.0045102,.022935,.0792732,.00724533,.03552059,.02809063,.04851027,-.00860349,.01492934,-.00840257,.01904256,.07538077
1996,4,30,.0045895,.0248877,.0054849,-.0041084,.019018,.1032784,-.0089398,.0083649,.0054849,.0426763,.02029826,.00089548,-.00869788,.01442855,.0986889,-.01352929,.00377546,.00089548,.03808682
1996,5,31,.0041912,.0274206,.0282959,.0175452,-.0011006,-.0178585,.092488,.0400857,.0260575,.0498372,.02322939,.02410466,.01335397,-.00529181,-.02204972,.08829681,.03589452,.02186633,.04564603
1996,6,30,.003992,-.0074275,.0104453,-.0204068,-.0576291,-.0060181,.0633503,-.0175532,.0117309,-.0108587,-.01141954,.00645324,-.02439883,-.06162113,-.01001009,.05935829,-.02154518,.0077389,-.01485077
1996,7,31,.0044899,-.056782,-.0115666,-.0438474,-.058795,-.0167393,-.0595377,-.1128328,-.0411345,-.0792597,-.06127192,-.01605654,-.0483373,-.06328495,-.02122923,-.06402762,-.11732271,-.04562445,-.08374958
1996,8,31,.0040916,.0313049,.040566,.0110388,.0561913,.0353671,.0211742,.0185273,.0333381,.0666301,.02721323,.03647434,.00694723,.05209966,.03127553,.01708262,.01443569,.02924644,.06253846
1996,9,30,.0043903,.0530667,.0476467,.0712969,.0194104,.076498,.0072735,.067939,.0495518,.0323704,.04867638,.04325631,.06690653,.01502005,.07210762,.00288314,.06354864,.04516143,.02798003
1996,10,31,.0041912,.0127188,.0282959,-.0179603,-.0080322,.0010994,.0077697,-.0043093,.0277124,-.0197946,.00852757,.02410466,-.02215153,-.01222338,-.00309181,.00357853,-.00850048,.02352123,-.02398583
1996,11,30,.0040916,.064476,.043634,.0832376,.0768684,.0652258,.0270313,.0629748,.0761274,.0207825,.0603844,.03954242,.07914598,.07277682,.06113417,.02293972,.05888318,.07203574,.01669092
1996,12,31,.0045895,-.0124775,.0563803,.0101483,-.0156214,-.0243952,.0051865,-.0817525,.0192142,-.0440564,-.01706697,.05179088,.00555888,-.02021083,-.02898461,.00059707,-.08634195,.01462477,-.04864584
1997,1,31,.0044899,.052877,.0176434,.0111377,.048028,.0240095,.107598,.028879,.0565694,.0033942,.04838713,.01315353,.00664784,.04353806,.01951955,.1031081,.02438905,.05207945,-.00109567
1997,2,28,.0038924,-.0010005,-.0163327,-.0387408,.0051865,.0099503,.0270313,-.0024029,.0530667,.0547722,-.00489292,-.02022507,-.04263324,.00129411,.00605792,.02313892,-.0062953,.0491743,.05087982
1997,3,31,.0042908,-.0469868,-.0088389,-.0456252,-.046882,-.0242927,-.0675297,-.0108587,-.0734313,-.0055152,-.05127757,-.01312973,-.04991596,-.05117277,-.02858347,-.07182044,-.01514953,-.07772206,-.00980596
1997,4,30,.0042908,.0437298,.0062802,.0640071,.022055,.0517382,.1076878,.0397975,.0540146,.0170538,.03943898,.00198946,.05971635,.01776421,.04744741,.10339702,.03550669,.04972381,.01276297
1997,5,31,.004888,.0698059,.0672847,.0586462,.078349,.0722276,.0623173,.0600598,.0731575,.0623173,.06491784,.06239671,.05375816,.07346093,.0673396,.05742927,.05517172,.06826949,.05742927
1997,6,30,.0036932,.0437298,.0384512,.0932171,.0429637,.0292675,.0006998,.0542041,.068406,.0638195,.04003659,.03475802,.08952391,.03927053,.02557433,-.00299342,.05051088,.06471286,.06012634
1997,7,31,.0042908,.0747363,.075942,.0370067,.0971267,.1172496,.018331,.0348844,.1033685,.0848925,.07044556,.07165122,.03271594,.09283593,.11295877,.01404018,.03059362,.09907775,.08060168
1997,8,31,.0040916,-.0381173,-.0795845,-.0116678,-.0178585,-.0447882,-.1347893,-.0367677,-.0316971,-.0295318,-.04220894,-.0836761,-.01575942,-.02195014,-.0488798,-.13888094,-.04085934,-.0357887,-.03362342
1997,9,30,.0043903,.0562858,.0217615,.0309171,.0113355,.136801,.077979,.0189199,.1393271,.0525925,.05189546,.01737114,.02652676,.00694516,.13241069,.07358869,.01452954,.13493672,.0482021
1997,10,31,.0041912,-.0343844,-.132275,-.0976128,-.0795845,-.0315939,-.0613436,.0499324,-.027988,-.016841,-.03857563,-.13646625,-.10180404,-.08377568,-.03578507,-.06553483,.04574116,-.03217924,-.02103222
1997,11,30,.0038924,.0331446,.0660686,.0179381,-.0355236,.0112366,.0703653,.0071742,.0526873,.063538,.02925218,.06217618,.01404573,-.03941597,.00734422,.06647285,.00328179,.04879491,.05964561
1997,12,31,.0047885,.0178399,-.0197946,.0040916,.0153811,-.0197946,.0411419,-.0598562,.0567583,-.0069239,.0130514,-.02458314,-.0006969,.01059259,-.02458314,.03635342,-.06464468,.05196982,-.01171243
1998,1,31,.0042908,.0057832,.0130149,.0503128,.0238142,-.0201007,-.0205089,.0461199,-.0504515,.0172504,.00149246,.00872416,.04602203,.0195234,-.02439145,-.02479966,.04182915,-.05474233,.01295957
1998,2,28,.0038924,.0716693,.1264564,.1127035,.0566638,.0230327,.0458334,.0663494,.0971267,.1045402,.06777687,.12256401,.10881108,.05277143,.01914028,.041941,.06245697,.09323429,.10064777
1998,3,31,.0038924,.0502177,-.0037069,-.020611,.0333381,.027226,.1173385,-.0309748,.062787,.0693395,.0463253,-.00759928,-.02450337,.02944565,.02333357,.11344608,-.03486722,.05889457,.06544706
1998,4,30,.0042908,.0115332,.0123237,-.0010005,.0352706,-.0177567,-.0312843,-.0217345,.0334348,-.0015011,.00724246,.00803297,-.00529128,.03097983,-.0220475,-.03557507,-.02602527,.029144,-.00579191
1998,5,31,.003992,-.0270629,-.0361454,.0022974,-.0753703,.0147901,.0283931,-.0243952,-.0201007,.0382587,-.03105494,-.04013747,-.00169466,-.07936233,.01079806,.02440105,-.02838718,-.02409269,.03426669
1998,6,30,.0040916,.0352706,-.0196926,-.06145,-.0184695,-.055407,.0649447,.042197,.0424846,.063538,.031179,-.02378425,-.06554158,-.02256113,-.05949862,.06085307,.03810543,.038393,.0594464
1998,7,31,.003992,-.0208151,-.0559356,-.0608121,-.0661398,-.0459392,-.0459392,-.1036952,-.0231663,-.0256255,-.02480716,-.05992765,-.06480416,-.07013183,-.04993125,-.04993125,-.10768726,-.0271583,-.02961757
1998,8,31,.0042908,-.1701954,-.2299164,-.1229589,-.2032184,-.1046941,-.220148,-.1745915,-.2998896,-.1419092,-.17448615,-.23420723,-.12724969,-.20750916,-.10898485,-.22443883,-.1788823,-.30418039,-.14620002
1998,9,30,.0045895,.0640071,.0595888,.1258394,.0862694,.039413,-.0515038,-.0766651,-.0891591,-.0046106,.05941768,.05499934,.12124993,.08167998,.03482355,-.0560933,-.08125454,-.09374859,-.00920007
1998,10,31,.0031949,.0718554,.1303263,.0862694,.077794,.1562342,.1463489,.1650906,.1613533,.1160927,.06866055,.12713137,.08307455,.07459914,.15303933,.14315401,.16189574,.15815836,.11289783
1998,11,30,.0030952,.0621294,.0964005,-.0489802,-.0210194,.0157749,.0562858,.0068763,.1070591,.1055305,.05903417,.09330529,-.05207539,-.02411457,.01267971,.05319061,.0037811,.10396387,.1024353
1998,12,31,.0037928,.0633503,-.0680647,-.1640495,-.008133,.0402778,-.0031048,-.191766,.0214679,.098215,.05955752,-.07185753,-.16784231,-.01192578,.03648505,-.00689761,-.19555882,.01767511,.09442225
1999,1,31,.0034939,.0377774,.0057832,-.1561861,.0372958,-.0318003,-.0166376,.0096533,.1127035,.0353671,.03428347,.00228936,-.15967997,.0338019,-.0352942,-.02013153,.00615937,.1092096,.03187325
1999,2,28,.0034939,-.0380134,.0414298,.049171,-.0557241,-.0149106,-.0134906,.0483139,.006479,-.0105555,-.04150733,.03793592,.04567715,-.05921804,-.0184045,-.01698448,.04481997,.00298508,-.0140494
1999,3,31,.0042908,.0380662,.0449734,.0015987,-.0252152,.0284903,-.0166376,.0219572,.0932171,.036814,.03377542,.04068258,-.00269206,-.02950603,.02419949,-.02092842,.01766639,.0889263,.03252319
1999,4,30,.0036932,.0459289,.139675,.130414,.2675049,.0938546,.0490758,.124869,.078996,-.0034058,.04223576,.13598181,.12672087,.2638117,.09016141,.04538267,.12117581,.07530284,-.00709896
1999,5,31,.0033942,-.0214279,-.0205089,-.0361454,-.0767731,-.0123763,-.0063199,-.0505567,-.0220411,-.0349021,-.02482218,-.02390311,-.03953968,-.08016729,-.0157705,-.00971416,-.05395095,-.02543536,-.03829629
1999,6,30,.003992,.0504079,.0660686,-.0665672,.0847087,.0708312,-.0440564,-.0136933,.0222506,.0855353,.04641588,.06207658,-.07055927,.08071671,.06683916,-.04804841,-.01768535,.01825859,.08154327
1999,7,31,.0037928,-.0313875,.0014989,-.0487702,-.0115666,-.0137947,.0025966,-.0686001,-.1204742,-.0641119,-.03518027,-.00229392,-.05256296,-.01535943,-.01758751,-.00119617,-.07239289,-.12426696,-.06790474
1999,8,31,.0038924,-.0099493,-.018979,.0207825,-.0043093,-.0716034,-.0392607,-.081861,-.057841,-.0647519,-.01384175,-.02287138,.01689012,-.00820169,-.07549583,-.04315313,-.08575344,-.06173341,-.06864429
1999,9,30,.0038924,-.0244976,-.0678507,-.1000414,-.0257281,-.0127813,-.1618133,-.0678507,-.0378057,.027907,-.02839005,-.07174308,-.10393377,-.02962056,-.01667375,-.16570571,-.07174308,-.04169813,.02401454
1999,10,31,.0038924,.0631626,.0080674,-.3578185,.007869,-.0821867,.1519483,-.1206998,.1100196,.0609069,.05927016,.00417496,-.36171087,.00397654,-.08607908,.14805584,-.1245922,.10612723,.05701452
1999,11,30,.0035935,.0366212,-.0447882,.0007997,.0698991,-.0429075,.0848006,.0744579,.0552455,.040566,.03302765,-.04838172,-.00279386,.06630559,-.04650103,.08120707,.07086438,.05165194,.03697242
1999,12,31,.0043903,.0784414,.0375848,.0643823,.1990148,-.0107577,-.0924443,-.0218367,.1098405,.078349,.07405108,.03319441,.05999191,.19462444,-.01514801,-.09683464,-.02622704,.10545011,.07395861
2000,1,31,.0040916,-.0442654,-.0964008,-.1336457,-.0280909,-.1135047,-.0230639,-.148616,-.0705298,-.1570047,-.04835703,-.10049239,-.13773731,-.0321825,-.11759631,-.02715556,-.15270765,-.07462138,-.16109636
2000,2,28,.0042908,.0283931,-.0736465,-.061769,.0661622,-.0599623,-.1237508,.0041912,.0652258,-.0400931,.02410229,-.07793732,-.06605981,.06187142,-.06425312,-.12804159,-.00009958,.060935,-.04438388
2000,3,31,.004689,.0551508,.0933993,.1161818,.0343048,.1208007,.0012992,.0740865,.1373242,.1341812,.05046185,.08871027,.11149276,.02961581,.11611171,-.00338983,.06939755,.1326352,.12949219
2000,4,30,.0045895,-.0612373,.0434426,.1727761,-.0084355,.125222,.036139,.0026964,-.1343317,-.0576291,-.06582676,.03885311,.1681867,-.01302493,.12063251,.03154959,-.00189309,-.13892116,-.06221856
2000,5,31,.0049875,-.039989,-.0082338,-.0002,-.0504515,.0068763,.1121673,.0114344,-.0720332,-.0308717,-.04497655,-.01322135,-.00518756,-.05543909,.00188876,.10717975,.00644684,-.07702074,-.0358592
2000,6,30,.003992,.049171,-.1112668,-.0434296,.1426274,-.0895965,.0587405,-.0169427,.1421938,-.0216323,.04517902,-.11525883,-.04742158,.13863538,-.09358855,.05474848,-.02093474,.13820174,-.02562432
2000,7,31,.0047885,-.0205089,.0670042,.1129715,-.0618754,.073715,.0636319,-.1056939,.0830536,-.0211215,-.02529739,.06221571,.10818296,-.06666392,.06892652,.05884335,-.11048242,.07826504,-.02591001
2000,8,31,.0049875,.0725997,.097671,.0141987,.2196976,.0953102,-.1146255,.0208805,.1693208,-.0541394,.06761215,.09268349,.00921118,.21471008,.09032264,-.11961307,.01589293,.16433321,-.05912699
2000,9,30,.005087,-.0506619,.0796426,.1409786,-.1290841,.009257,.0531615,.0005998,-.0764492,.0251803,-.05574895,.07455559,.13589156,-.13417119,.00416998,.04807451,-.00448722,-.08153621,.02009326
2000,10,31,.0055844,-.0222456,.1339188,.0812113,-.128288,.1206234,.0860859,.0641009,-.0518198,-.0174514,-.02782999,.12833444,.07562688,-.1338724,.11503906,.08050157,.05851655,-.05740413,-.02303577
2000,11,30,.005087,-.1076966,-.0159262,-.0400931,-.1703139,.0597772,.0411419,-.0659262,-.1990609,-.0070246,-.11278361,-.02101319,-.04518013,-.17540097,.05469016,.0360549,-.07101319,-.20414791,-.01211165
2000,12,31,.0049875,.0167588,-.0021022,.007869,.0185273,.0218593,-.026036,.0232281,.1583703,.042197,.01177124,-.00708975,.00288142,.01353976,.01687179,-.03102356,.01824058,.15338279,.03720951
2001,1,31,.0053855,.0360426,-.0564645,.0250828,.0575139,-.0706371,-.0486652,.0947646,.0805657,.0948555,.03065712,-.06185001,.01969731,.05212843,-.07602255,-.05405064,.0893791,.07518018,.08947006
2001,2,28,.0037928,-.1017006,.040854,.0854435,-.2664426,-.0276796,-.0645385,.0490758,-.1635783,-.0641119,-.10549335,.0370612,.08165068,-.27023536,-.03147237,-.06833132,.04528304,-.16737111,-.06790474
2001,3,31,.0041912,-.0708517,-.099268,-.0417599,-.0878481,-.0815355,-.0986056,-.0082338,-.1281743,-.0205089,-.07504295,-.1034592,-.04595114,-.09203929,-.08572669,-.10279681,-.01242501,-.13236554,-.02470008
2001,4,30,.0038924,.0800119,.1083161,-.0032051,.1251337,.1992606,-.0222456,-.0013008,.1127928,.0485997,.07611952,.10442373,-.00709755,.12124132,.19536819,-.02613802,-.00519326,.10890041,.04470726
2001,5,31,.0031949,.0103463,.0259601,.076498,.0023971,.007869,.0460244,.0932171,.0400857,.016267,.0071514,.02276521,.07330308,-.00079777,.00467407,.04282955,.09002219,.03689083,.01307208
2001,6,30,.0027961,-.0167393,-.1684187,-.0300469,-.0727858,-.0003,-.0506619,.0258627,-.0253178,-.0253178,-.01953541,-.17121474,-.03284301,-.07558186,-.00309613,-.053458,.02306657,-.0281139,-.0281139
2001,7,31,.0029955,-.0184695,.0318862,.0670042,-.0218367,.0417176,.0079682,-.0319036,-.0461487,.0527822,-.02146503,.02889068,.06400872,-.0248322,.03872209,.00497266,-.03489906,-.04914417,.04978668
2001,8,31,.0030952,-.0634724,-.0649653,.0107421,-.0632593,-.0133892,.0592119,.0149871,-.0779615,-.0879573,-.06656763,-.06806048,.00764689,-.06635455,-.01648444,.05611665,.01189192,-.08105675,-.09105248
2001,9,30,.0027961,-.0939811,-.3512611,.0985776,-.2483332,.0799196,-.0327298,-.1921295,-.1613431,-.1051383,-.09677715,-.35405715,.09578147,-.25112925,.07712353,-.03552591,-.19492558,-.16413923,-.1079344
2001,10,31,.0021976,.0264472,.0645698,.1000263,.0239118,-.0503464,.013311,.137237,.0420053,.0346912,.02424959,.06237219,.09782873,.02171424,-.05254396,.01111343,.13503944,.03980771,.03249366
2001,11,30,.0016986,.0742722,.0913934,-.0473013,.1461761,.0153811,.0001,.0499324,.1222176,.1234558,.07257369,.08969487,-.04899983,.14447755,.01368254,-.00159856,.04823381,.12051908,.12175725
2001,12,31,.0014989,.0174469,.0665365,.0057832,-.0264466,-.0282966,.0160702,.0059821,.0498372,.0485997,.01594804,.06503765,.00428437,-.02794553,-.02979547,.0145713,.0044832,.04833836,.04710079
2002,1,31,.001399,-.0130852,.0428679,.1195592,-.0021022,.1073286,-.0383251,.0587405,-.0411345,.0221528,-.01448426,.04146888,.11816021,-.00350123,.10592956,-.03972414,.05734148,-.04253357,.02075378
2002,2,28,.0012992,-.0218367,.0920321,.0615654,-.0001,.0114344,.0782565,-.0161294,-.0566762,.0042908,-.02313585,.09073293,.0602662,-.00139916,.01013522,.07695735,-.01742854,-.05797534,.00299163
2002,3,31,.0012992,.0427721,.0292675,.0334348,.0584576,.0378737,.079735,.0819486,.0942187,.0151841,.04147294,.02796834,.03213562,.05715841,.0365745,.07843581,.08064943,.09291952,.01388498
2002,4,30,.0014989,-.0518197,-.0466724,.0827774,-.0730009,.0355602,.0490758,.022544,-.123864,-.0221434,-.05331862,-.04817128,.08127855,-.07449977,.0340613,.04757696,.02104509,-.12536286,-.02364224
2002,5,31,.001399,-.0124775,.0025966,-.0114655,.0027961,.0216636,-.0050125,-.0275768,-.0146062,-.0127813,-.01387654,.0011976,-.0128645,.00139707,.02026462,-.00641156,-.02897579,-.01600517,-.01418036
2002,6,30,.0012992,-.0734313,-.0155198,.0925792,-.054245,.0551508,-.0027037,-.0382212,-.0544562,-.0527681,-.07473043,-.01681897,.09128002,-.05554417,.05385169,-.00400281,-.03952037,-.05575534,-.05406722
2002,7,31,.0014989,-.0837078,-.0528735,-.0783941,-.2274026,-.2543762,-.075586,-.1137288,-.1039171,-.1273789,-.08520663,-.05437237,-.07989294,-.22890149,-.25587512,-.07708487,-.11522764,-.10541599,-.12887781
2002,8,31,.001399,.0063796,-.1151864,-.0010005,-.0507671,-.0269602,.0236189,.0425804,.0438255,.0196065,.00498059,-.11658543,-.00239952,-.05216614,-.0283592,.02221985,.04118143,.04242646,.01820751
2002,9,30,.001399,-.1076966,-.1266976,.0193123,-.2044445,.0287818,-.0568879,-.1136167,-.1504741,-.0997098,-.1090956,-.12809667,.01791329,-.20584349,.02738278,-.05828689,-.11501575,-.15187314,-.10110886
2002,10,31,.001399,.0767758,.0035935,-.1133927,.064476,-.0214279,-.004008,.0158733,.0979431,.0624113,.07537682,.00219451,-.11479171,.063077,-.02282697,-.00540704,.01447433,.09654405,.06101224
2002,11,30,.0011993,.0590233,.0757566,-.0933222,.1678845,.0369104,-.031078,.1109151,.125222,.0285875,.05782406,.07455733,-.09452144,.16668523,.03571107,-.03227724,.10971578,.12402269,.02738818
2002,12,31,.0010994,-.0581589,-.0287082,.0951283,-.1098149,-.0270629,-.0325232,-.0678507,-.1138408,-.083599,-.05925831,-.02980756,.09402895,-.11091426,-.02816232,-.03362259,-.06895006,-.11494021,-.08469842
2003,1,31,.0009995,-.0250102,-.0091417,-.1228458,-.0519251,-.1679454,-.0602809,.0173486,-.0338671,-.0522411,-.02600966,-.01014116,-.12384534,-.05292457,-.16894489,-.06128043,.01634914,-.03486657,-.05324061
2003,2,28,.0008996,-.0180621,-.0874115,-.1072512,.022544,-.1034734,-.0083346,.0256677,-.0171462,-.005113,-.01896174,-.08831105,-.10815079,.02164437,-.104373,-.00923423,.02476815,-.01804575,-.00601264
2003,3,31,.0009995,.0118298,-.0557241,.0440169,-.0331432,-.0590072,.0099503,.0360426,.0142973,.0533512,.01083025,-.05672365,.04301739,-.03414272,-.06000668,.00895083,.03504309,.0132978,.05235168
2003,4,30,.0009995,.0799196,.0825933,.0461199,.0985776,.1109151,.0217615,.0421012,.119293,.092488,.07892013,.08159379,.04512043,.09757806,.10991556,.02076199,.04110168,.11829351,.09148852
2003,5,31,.0008996,.0595888,.1135072,-.0691357,.1223061,.0744579,.0971267,.0241071,.0838815,.0246926,.0586892,.11260765,-.07003533,.12140653,.07355832,.09622711,.02320748,.08298189,.02379302
2003,6,30,.0009995,.0150856,.0594946,.0255703,.0218593,.0771462,.0080674,-.0252152,.0152826,.0274206,.01408614,.05849507,.02457077,.02085983,.07614671,.00706787,-.02621475,.01428312,.02642109
2003,7,31,.0006998,.0239118,.0313049,.0922145,.0667236,.1002977,-.0183677,.0355602,.067939,.0422929,.02321206,.0306051,.09151473,.06602388,.09959797,-.01906741,.03486042,.06723923,.04159316
2003,8,31,.0006998,.0238142,.0755712,-.0217345,.0454513,.0834216,-.0205089,.041046,.0139029,.0764053,.02311442,.07487143,-.02243425,.04475151,.08272185,-.02120863,.04034621,.01320315,.07570558
2003,9,30,.0007997,-.0116678,-.0673157,-.0984952,-.0336602,-.0851223,-.0156214,-.0057163,.0058827,-.0599623,-.01246748,-.06811539,-.09929493,-.03445988,-.08592193,-.01642106,-.00651599,.00508298,-.06076202
2003,10,31,.0006998,.059683,.1131501,.0158733,.1759681,.0618474,.0554347,.1044501,.0891092,.0940366,.05898325,.11245034,.01517359,.17526833,.06114765,.05473495,.10375035,.08840942,.09333688
2003,11,30,.0006998,.0141001,.0009995,-.0032051,.0347878,-.0250102,.0232281,.0132123,-.0052136,-.0047111,.01340037,.00029975,-.00390489,.03408807,-.02570992,.02252837,.01251258,-.00591332,-.00541083
2003,12,31,.0007997,.0427721,.1016537,.1110046,.103098,.1144887,.0641947,-.0077298,.040758,-.0329365,.04197241,.10085397,.11020488,.10229827,.11368905,.06339503,-.00852948,.03995831,-.03373618
2004,1,31,.0006998,.0219572,.0253753,-.0457298,-.0016013,.0157749,-.0294288,-.0011006,.0373921,-.002002,.02125741,.02467555,-.0464296,-.00230104,.01507516,-.03012857,-.00180036,.03669236,-.00270176
2004,2,28,.0005998,.0144944,-.0084355,-.0325232,.0625052,-.0002,.0255703,.0336282,.0292675,.0653195,.01389463,-.0090353,-.03312301,.06190538,-.00079984,.02497046,.03302836,.02866768,.06471965
2004,3,31,.0008996,-.0123763,-.0510828,-.0069239,-.0456252,-.0336602,-.0021022,-.0369752,-.0216323,-.0013008,-.01327587,-.05198239,-.00782351,-.04652477,-.0345598,-.0030018,-.03787483,-.0225319,-.00220044
2004,4,30,.0007997,-.0176549,.0184291,.038355,-.0917864,.0585519,.0037928,-.0598562,-.0812101,-.0326265,-.01845462,.01762946,.03755527,-.09258608,.05775221,.00299312,-.06065585,-.08200974,-.03342618
2004,5,31,.0005998,.012225,.0075713,.0375848,.0561913,.0165621,.0222506,.0284903,.0058827,.0070749,.01162515,.00697145,.03698494,.05559146,.01596227,.02165079,.02789045,.00528284,.00647509
2004,6,30,.0007997,.0192142,.0929437,.0559076,.0898407,.0467882,-.0022024,.0327576,-.0031048,-.0034058,.01841454,.09214406,.05510795,.08904102,.04598848,-.0030021,.03195788,-.0039045,-.00420547
2004,7,31,.0009995,-.0404054,.0123237,-.0029042,-.002002,-.007629,-.1055828,-.0565704,-.066033,-.034695,-.04140492,.01132425,-.00390371,-.0030015,-.00862853,-.10658227,-.05756985,-.06703247,-.03569447
2004,8,31,.0010994,.0018982,.0032946,.0032946,-.0027037,-.018164,.0187236,.0118298,.0326608,-.0074275,.0007988,.00219517,.00219517,-.00380305,-.01926337,.01762422,.01073036,.03156139,-.00852691
2004,9,30,.0010994,.0169554,-.002002,.045069,.0751075,.0512633,-.0822952,.077794,.0150856,.0281987,.01585605,-.0031014,.04396957,.07400808,.0501639,-.08339464,.07669463,.01398624,.02709926
2004,10,31,.0010994,.0152826,-.0294288,-.0139975,-.0361454,.0072735,.0113355,-.0068232,.0478373,.0331446,.01418323,-.03052821,-.0150969,-.03724484,.00617409,.01023611,-.00792262,.04673793,.0320452
2004,11,30,.0014989,.0458334,.0642885,.1154692,.1206234,.0717624,-.0068232,.0650384,.0562858,.0233258,.04433454,.06278961,.11397037,.11912456,.07026349,-.0083221,.06353952,.05478693,.02182695
2004,12,31,.0015987,.0352706,.0114344,-.0711738,-.0174514,-.027988,.0426763,.0459289,.0542041,.0294617,.03367189,.00983566,-.07277254,-.01905012,-.02958676,.04107755,.04433021,.05260533,.02786299
2005,1,31,.0015987,-.026344,-.0092426,.0086624,-.004008,-.0248051,-.0067225,-.0215301,-.0044097,-.0100503,-.0279427,-.0108413,.00706365,-.00560674,-.02640384,-.00832127,-.02312884,-.00600843,-.01164906
2005,2,28,.0015987,.0202927,.0458334,.0200967,.0925792,.0171521,.0144944,-.0025031,-.004912,.0035935,.01869398,.0442347,.01849798,.09098046,.01555334,.01289573,-.00410185,-.00651077,.00199481
2005,3,31,.0020978,-.0177567,.0235212,.0254728,-.0774211,.0185273,-.0099493,-.0645385,-.0128826,.0044899,-.01985452,.0214234,.023375,-.07951894,.01642951,-.01204713,-.06663632,-.01498042,.00239211
2005,4,30,.0020978,-.0242927,-.0045102,-.0102524,-.1026974,-.0327298,.0216636,-.1221676,-.0446836,-.0590072,-.02639049,-.00660795,-.01235017,-.1047952,-.03482762,.01956584,-.12426543,-.0467814,-.06110498
2005,5,31,.0023971,.0381625,.053446,.0678455,.0021976,.0376811,.0238142,.0327576,.0137056,.0640071,.03576534,.05104885,.06544842,-.00019954,.03528394,.02141705,.03036044,.01130852,.06161001
2005,6,30,.0022974,.0079682,-.002002,-.0028039,-.0299439,.0214679,-.0400931,.0173486,.0579858,.0303352,.00567081,-.00429936,-.00510129,-.03224124,.01917055,-.04239045,.01505128,.05568849,.02803784
2005,7,31,.0023971,.040758,.0174469,-.0220411,.1236326,.0634442,.0164637,.0305292,.0455468,.0587405,.03836087,.01504979,-.02443826,.12123543,.06104705,.0140666,.02813208,.04314969,.05634337
2005,8,31,.0029955,-.0092426,-.0005001,0,-.0077298,-.0012007,.0047885,.0273233,-.0121738,-.0680647,-.01223809,-.00349563,-.00299551,-.01072531,-.00419623,.00179301,.02432779,-.01516931,-.07106024
2005,9,30,.0028958,.0077697,.0097523,-.0230639,.0301412,.0448778,.0054849,-.0358345,.065975,-.0216323,.00487393,.00685649,-.02595974,.02724535,.04198196,.00258913,-.03873026,.06307919,-.0245281
2005,10,31,.0026964,-.0176549,-.0491902,-.0160278,-.0444745,-.0282966,.0057832,-.0724632,.032564,.0226417,-.0203513,-.05188661,-.01872412,-.04717085,-.03099296,.00308688,-.07515953,.02986763,.01994537
2005,11,30,.0030952,.0384512,.0549616,.0105442,.1206234,-.0067225,.014593,.0583632,.0429637,.0371994,.03535598,.05186635,.00744901,.11752823,-.00981775,.0114978,.05526804,.03986849,.03410424
2005,12,31,.0031949,.0006998,.0302382,.0428679,.036139,.0060815,-.0216323,-.0126801,.0071742,-.0109598,-.00249514,.02704329,.03967301,.03294416,.00288658,-.02482719,-.01587494,.00397931,-.01415473
2006,1,31,.0034939,.0333381,.0147901,.0618474,.1392401,.0488854,-.0066219,.065975,.0950374,.0065783,.02984417,.0112962,.05835352,.13574617,.04539151,-.01011577,.0624811,.09154353,.00308443
2006,2,28,.0033942,.0003999,.0473606,.0677521,-.0299439,.0582689,.0193123,.0102473,.0214679,.0130149,-.00299431,.04396634,.06435787,-.03333811,.05487468,.01591808,.00685308,.01807367,.0096207
2006,3,31,.0036932,.0181346,.036814,.0321767,.1147562,.0292675,.0016986,.0392207,.031983,.0214679,.0144414,.0331208,.02848356,.11106306,.02557433,-.00199462,.03552754,.02828987,.01777474
2006,4,30,.0035935,.010841,.0515483,.0107421,.0739937,.043251,.0088606,-.0790432,.0124225,-.0148091,.00724749,.04795473,.00714856,.07040014,.03965751,.00526709,-.08263674,.00882898,-.01840265
2006,5,31,.0042908,-.0319035,-.0088389,-.0421771,-.0469868,-.0352128,.0376811,-.0238829,-.0716034,-.0150121,-.03619433,-.01312973,-.04646786,-.05127757,-.03950354,.03339028,-.02817372,-.0758942,-.0193029
2006,6,30,.003992,.0004999,-.0063199,-.0121738,.028879,.0198026,-.0087381,.0120274,-.0001,.0045895,-.00349215,-.01031195,-.01616582,.02488694,.01581061,-.01273009,.00803536,-.00409203,.00059743
2006,7,31,.003992,-.0038072,-.0352128,.0911196,-.0424901,-.018164,.0434426,-.0368715,.0056838,-.0486652,-.00779926,-.03920478,.08712757,-.04648207,-.02215599,.03945054,-.0408635,.00169179,-.05265719
2006,8,31,.0041912,.0242047,-.0093435,.0328543,-.0250102,.0115332,.0222506,.0347878,.0032946,.0212721,.02001348,-.01353472,.02866313,-.02920137,.00734203,.0180594,.03059662,-.00089664,.01708093
2006,9,30,.0040916,.0222506,.0354637,.0419094,.0001,.0431553,-.0013008,.0506931,.0921233,.0623173,.01815899,.03137205,.03781779,-.00399162,.03906365,-.00539246,.04660149,.08803167,.05822569
2006,10,31,.0040916,.0357532,.0318862,.0083649,.1044501,.0165621,.0042908,.1220406,.0630687,.0303352,.03166155,.02779457,.0042733,.10035849,.01247047,.00019916,.117949,.05897708,.02624358
2006,11,30,.0041912,.0210763,.042197,.0395091,.0836976,.0484091,-.0047111,.0119286,.0175452,-.0232686,.01688512,.03800584,.03531793,.07950635,.04421794,-.00890228,.00773737,.01335397,-.02745983
2006,12,31,.003992,.01262,.0028958,.0132123,-.027474,-.0148091,.0240095,-.0116678,.0310141,.0173486,.00862801,-.00109622,.00922031,-.031466,-.01880114,.02001743,-.01565983,.02702203,.01335662
2007,1,31,.0043903,.0182328,.0391246,.0527822,.0926703,.0478373,.0163654,.0144944,.0419094,.0376811,.01384242,.03473421,.04839184,.08827999,.04344698,.01197501,.0101041,.03751906,.03329072
2007,2,28,.0037928,-.0159262,-.0164343,.0072735,.0268367,-.0140989,-.0267547,.026155,-.0624075,-.0037069,-.01971895,-.0202271,.00348069,.02304386,-.01789172,-.03054754,.02236216,-.06620026,-.00749966
2007,3,31,.0042908,.0110388,.0054849,.0006998,.0593061,.0017984,.0244975,.0045895,.0033942,.0029955,.00674807,.00119415,-.00359103,.05501533,-.0024924,.02020669,.00029867,-.00089655,-.00129527
2007,4,30,.0043903,.0385474,.065975,-.0038072,.0332413,.0370067,.0473606,.0859024,.0574195,.0205866,.03415706,.06158464,-.00819759,.02885099,.03261638,.04297022,.08151208,.05302914,.01619628
2007,5,31,.0040916,.0358497,.0657877,.0299471,.1006595,.026934,.0335315,-.0045102,.0381625,.0208805,.03175804,.06169612,.02585546,.09656787,.02284238,.02943987,-.00860177,.03407084,.01678886
2007,6,30,.003992,-.015723,-.0153167,-.03015,-.0352128,-.03015,-.0208151,-.0525572,-.0374942,-.0175532,-.01971498,-.01930873,-.034142,-.03920478,-.034142,-.02480716,-.05654927,-.04148623,-.02154518
2007,7,31,.003992,-.0338671,.0398936,.0427721,-.0270629,-.0093435,-.011769,-.0734313,-.0808847,-.057841,-.03785909,.03590154,.03878007,-.03105494,-.01333554,-.015761,-.0774233,-.08487675,-.06183302
2007,8,31,.0041912,.013311,-.0125788,.0125213,-.0267547,-.0179603,.0340149,-.0444745,-.026036,.0112366,.00911981,-.01676999,.00833008,-.03094594,-.02215153,.02982367,-.04866569,-.03022722,.00704543
2007,9,30,.0031949,.0347878,.0725067,.0825012,.0821328,.0465018,.0657877,-.0487702,.0599656,-.0194887,.03159293,.0693118,.07930633,.07893794,.04330694,.06259285,-.05196506,.05677069,-.02268357
2007,10,31,.0031949,.0209784,-.0216323,.005087,.0248877,.0601539,.040662,-.0296348,.0647572,-.0029042,.01778351,-.02482719,.00189215,.02169282,.05695903,.03746709,-.0328297,.06156236,-.0060991
2007,11,30,.0033942,-.0459392,-.0362491,.0077697,-.061131,-.0551956,.0208805,-.0776373,-.0849045,-.0281937,-.04933346,-.03964337,.0043755,-.06452523,-.05858987,.01748624,-.0810315,-.08829874,-.03158797
2007,12,31,.0026964,-.0060181,.0090588,-.0496105,.0111377,.0017984,-.0102524,-.0487702,-.0092426,-.0316971,-.00871443,.00636248,-.05230686,.00844138,-.00089798,-.01294874,-.05146653,-.01193894,-.03439345
2008,1,31,.0020978,-.0634724,-.0726782,.0130149,-.1161968,-.0345914,-.0820781,-.0429075,-.0646452,.0171521,-.06557022,-.07477603,.01091714,-.1182946,-.03668924,-.08417591,-.0450053,-.06674299,.01505426
2008,2,28,.0012992,-.0300469,-.0238829,-.0390527,.0651321,-.026344,.0111377,-.083599,-.1273789,-.0633659,-.03134608,-.0251821,-.04035188,.06383294,-.02764313,.00983859,-.08489818,-.12867809,-.06466503
2008,3,31,.0016986,-.007629,-.0447882,-.0379096,-.0046106,.0119286,.036814,.034498,-.0630463,.0252778,-.00932758,-.04648674,-.03960813,-.00630917,.01023001,.03511542,.03279948,-.06474486,.02357925
2008,4,30,.0017984,.0466927,.0860859,.0604364,.0711106,.0840654,-.027474,.0542041,.0865446,.0573251,.04489434,.08428756,.05863799,.06931224,.082267,-.02927236,.05240567,.08474622,.05552669
2008,5,31,.0017984,.0201947,-.0065212,.028879,.0816722,.0353671,.0142973,.0384512,-.0367677,.0018982,.01839632,-.0083196,.02708058,.07987377,.03356876,.01249892,.03665281,-.03856611,.00009982
2008,6,30,.0016986,-.0863207,-.1980851,-.1029191,-.075586,-.0969515,-.0513986,-.1061386,-.1431778,-.0853401,-.08801926,-.1997837,-.10461761,-.07728455,-.09865008,-.05309712,-.10783715,-.14487633,-.08703861
2008,7,31,.0014989,-.0062193,-.0016013,.0494566,-.1218287,.0719485,.0258627,.0955829,.0274206,.0076705,-.00771818,-.00310016,.04795773,-.12332759,.07044962,.02436378,.09408399,.02592172,.00617163
2008,8,31,.0012992,.0164637,.036814,.1095716,-.0707444,.027907,.0118298,-.0391567,-.0319036,.0597772,.01516457,.03551482,.10827248,-.07204356,.0266078,.0105306,-.04045587,-.03320271,.05847805
2008,9,30,.0014989,-.0953002,-.1498931,-.0641119,-.3714986,-.2177829,.0185273,-.0501361,-.1439858,-.0534008,-.09679906,-.15139197,-.06561082,-.37299744,-.21928182,.01702843,-.05163494,-.14548472,-.05489965
2008,10,31,.0007997,-.1881384,-.1556017,-.2444949,-.3991352,-.2353427,-.1587613,-.2655293,-.2924936,-.1573558,-.18893812,-.15640141,-.24529456,-.39993486,-.23614233,-.15956098,-.26632894,-.29329332,-.1581555
2008,11,30,.0003,-.0815355,-.1268112,-.0873023,-.1294256,-.1453726,.0372958,-.1265842,-.1526851,-.078935,-.08183544,-.12711112,-.08760228,-.12972551,-.1456726,.03699583,-.12688411,-.15298504,-.07923494
2008,12,31,0,.0172504,.0726927,.0859024,.1481614,.1007499,-.0169427,.1150237,.0453557,.0346912,.01725035,.07269269,.08590243,.14816135,.10074991,-.01694272,.11502367,.0453557,.03469124
2009,1,31,0,-.0846868,-.0440564,-.028914,-.184524,-.0464629,-.076989,-.1550177,-.1146255,-.0908004,-.08468681,-.04405639,-.02891401,-.18452398,-.04646287,-.07698904,-.15501772,-.11462552,-.09080037
2009,2,28,.0001,-.106361,-.1984509,-.2335727,-.2143077,-.248205,-.0484552,-.1524521,-.0341775,-.0124775,-.10646101,-.19855093,-.23367274,-.21440771,-.24830497,-.04855522,-.15255212,-.03427745,-.01257752
2009,3,31,.0002,.0859024,.0639133,.0790884,.1158256,-.0341775,.0676586,.0514533,.1786481,.1071489,.08570245,.06371334,.07888842,.11562558,-.03437743,.06745867,.0512533,.17844817,.10694894
2009,4,30,.0001,.0971267,.1417599,.1307651,.2330939,.2497465,-.0146062,.205224,.1376728,.0899321,.09702671,.14165995,.13066508,.23299389,.24964654,-.01470615,.20512396,.13757281,.08983211
2009,5,31,0,.0507882,.089475,.0661622,.0913022,.0701788,.0902976,.0276152,.1117202,-.0298408,.05078817,.089475,.0661622,.09130216,.07017883,.09029764,.02761517,.11172025,-.02984084
2009,6,30,.0001,.0043903,-.0372866,-.0354199,.0335315,-.0285024,.0161686,-.0238829,.0159718,-.0004001,.00429035,-.03738658,-.03551994,.03343149,-.02860235,.01606859,-.02398293,.01587177,-.00050008
2009,7,31,.0001,.0744579,.052023,-.0669949,.0314018,.1270731,.0364284,.1042699,.0612832,.0698991,.07435792,.05192303,-.06709486,.03130177,.12697309,.03632836,.10416992,.06118324,.06979913
2009,8,31,.0001,.0328543,.1049004,.0123237,.034498,.1193818,-.007226,.0494566,.0246926,.0379699,.03275434,.10480042,.01222375,.03439805,.11928176,-.00732604,.04935662,.02459262,.03786994
2009,9,30,.0001,.0400857,.0543935,.0396053,.0640071,.0838815,.0741794,.038836,.0697126,.0206846,.03998573,.05429349,.03950526,.06390714,.08378149,.0740794,.03873603,.06961262,.0205846
2009,10,31,0,-.0262413,-.0437429,-.1109316,-.1298809,-.0730009,.0097523,.0157749,-.0356272,.0086624,-.02624131,-.04374293,-.11093156,-.12988092,-.07300089,.00975229,.01577492,-.03562718,.00866237
2009,11,30,0,.0541093,.0896579,.1145779,.0702721,.0537303,.0514533,.0411419,.0199987,.0451646,.05410933,.08965787,.11457791,.07027205,.05373032,.05145328,.04114194,.01999869,.04516455
2009,12,31,.0001,.027226,.0350775,-.013592,.139675,.052877,-.0070246,.0373921,.01262,.0134097,.02712599,.03497753,-.01369195,.13957499,.05277704,-.00712461,.03729212,.01252004,.01330969
2010,1,31,0,-.0341775,.0080674,-.0152152,-.1269247,-.0954102,-.0377019,-.0234734,-.0831642,-.0193867,-.03417745,.00806737,-.01521517,-.12692469,-.09541019,-.03770187,-.02347336,-.08316424,-.01938671
2010,2,28,0,.0334348,.0380662,.0522129,.0411419,.050503,.0024969,.1355793,.0382587,.0422929,.03343478,.0380662,.05221287,.04114194,.05050298,.00249688,.1355793,.03825871,.04229291
2010,3,31,.0001,.0612832,.103639,.0591176,.1136858,.1635634,.0593061,.0636319,.0672847,.0595888,.06118324,.10353904,.05901761,.11358577,.16346339,.05920611,.06353187,.06718475,.0594888
2010,4,30,.0001,.0199007,.0216636,.0159718,-.026652,.1995883,-.0177567,-.0090407,-.0146062,.018331,.01980067,.02156365,.01587177,-.02675203,.1994883,-.01785672,-.00914074,-.01470615,.01823096
2010,5,31,.0001,-.0820781,-.1005941,-.065499,-.0726782,-.1202486,-.0395728,-.058583,-.0849045,-.0600685,-.0821781,-.10069411,-.06559898,-.07277822,-.12034857,-.03967277,-.05868295,-.08500451,-.06016852
2010,6,30,.0001,-.0570996,-.0581589,-.0716034,-.1413332,-.1872939,-.0164343,-.0414472,-.1070286,-.1116022,-.05719958,-.05825891,-.07170341,-.14143317,-.18739389,-.0165343,-.04154718,-.10712856,-.11170218
2010,7,31,.0001,.0670977,.0979431,.0139029,.0795503,.117783,.0803811,.0215658,.0911196,.0454513,.06699775,.09784308,.01380291,.07945028,.11768304,.08028112,.02146578,.0910196,.04535127
2010,8,31,.0001,-.0487702,-.0846868,-.0669949,-.0914576,-.1010365,-.0001,-.0229616,-.0864297,-.0426988,-.04887016,-.0847868,-.06709486,-.0915576,-.10113654,-.0002,-.02306161,-.08652972,-.04279875
2010,9,30,.0001,.0912109,.096128,.0384512,.1142211,.1762196,.0483139,.1022858,.08158,.1274253,.09111089,.09602803,.03835119,.11412115,.17611965,.04821386,.1021858,.08147999,.12732529
2010,10,31,.0001,.0381625,.0590233,.0054849,.0453557,.0127188,.0191161,.0203907,.0710175,.0131136,.03806247,.05892334,.00538494,.04525571,.01261878,.01901612,.02029069,.07091749,.01301364
2010,11,30,.0001,.0060815,-.0045102,-.0305623,.0293646,-.0030045,.0199007,.0886517,-.0105555,.0483139,.00598148,-.00461015,-.0306623,.02926461,-.0031045,.01980067,.08855171,-.01065551,.04821386
2010,12,31,.0001,.0660686,.0402778,.0287818,.1250455,.1548647,.0350775,.0193123,.0908457,.0344014,.06596861,.04017785,.02868181,.12494549,.15476472,.03497753,.01921232,.09074569,.03430143
2011,1,31,.0001,.0198026,.0494566,.1078674,.0390284,.0260575,-.0368715,-.0695645,.0138043,-.0128826,.01970263,.04935662,.10776738,.03892839,.02595754,-.03697147,-.06966446,.01370429,-.01298262
2011,2,28,.0001,.0344014,.0278097,.0027961,.0390284,.0667236,.0059821,.0599656,.0289761,.0137056,.03430143,.0277097,.00269609,.03892839,.06662364,.00588208,.05986558,.02887611,.01360565
2011,3,31,.0001,.0045895,.0212721,.0161686,.007472,.1662769,.0329511,.0157749,-.0244976,.0047885,.00448946,.02117214,.01606859,.00737202,.16617687,.0328511,.01567492,-.02459763,.00468852
2011,4,30,0,.0285875,.041046,-.0105555,.0057832,.0175452,.0382587,.0434426,-.0092426,.0506931,.02858746,.04104597,-.01055551,.00578324,.01754518,.03825871,.04344256,-.00924258,.05069311
2011,5,31,0,-.0127813,-.0170444,-.0082338,-.0549843,-.065072,.004888,-.0079314,-.0352128,.0020978,-.01278133,-.01704444,-.0082338,-.05498431,-.065072,.00488803,-.00793137,-.03521276,.0020978
2011,6,30,0,-.0176549,.0034939,.0282959,-.0190809,-.0246001,.0061809,-.0057163,-.0447882,-.0142003,-.01765494,.00349389,.02829587,-.01908089,-.02460012,.00618086,-.00571631,-.04478818,-.01420035
2011,7,31,0,-.0238829,-.06145,-.0598562,-.0642186,-.0628333,-.03015,-.0557241,-.0275768,-.0010005,-.02388294,-.06144996,-.05985617,-.06421857,-.06283331,-.03014998,-.05572415,-.02757677,-.0010005
2011,8,31,.0001,-.0616627,-.0751547,-.0129839,-.1415636,-.0936516,.0221528,-.0308717,-.1194594,-.0342809,-.06176265,-.07525467,-.01308392,-.14166356,-.09375155,.02205281,-.03097166,-.11955944,-.03438093
2011,9,30,0,-.078935,-.044579,-.0417599,-.2292874,-.2085013,-.0391567,-.098716,-.1539674,-.0290169,-.07893499,-.04457904,-.04175994,-.22928738,-.20850127,-.03915671,-.09871597,-.15396737,-.02901695
2011,10,31,0,.1075082,.1002073,.0539198,.1667848,.2558043,.0191161,.1502287,.1293602,.0874613,.10750821,.10020726,.05391984,.16678481,.25580433,.01911612,.15022871,.12936021,.08746128
2011,11,30,0,-.0028039,.0173486,.0395091,-.0147076,.0505981,.0051865,-.0054146,-.0428031,.0084641,-.00280393,.01734864,.03950914,-.01470763,.05059805,.00518653,-.00541463,-.04280312,.00846408
2011,12,31,0,.0073728,.0028958,.0281987,-.0531898,.0216636,.0390284,-.0664604,-.0127813,.0033942,.00737275,.0028958,.02819865,-.05318983,.02166364,.03902839,-.06646036,-.01278133,.00339423
2012,1,31,0,.0492662,.048028,.0224462,.1168937,.0473606,-.0235757,.1046302,.0914847,.0396053,.04926624,.04802797,.02244619,.11689375,.04736057,-.02357574,.10463025,.09148469,.03960525
2012,2,28,0,.043251,.0419094,.0699924,-.0272684,.0717624,.0076705,.0609069,.0667236,.034498,.04325104,.04190941,.06999237,-.02726843,.07176237,.00767051,.06090694,.06672363,.03449804
2012,3,31,0,.0306262,.0003999,.012225,.0066777,-.0226547,.0586462,.0301412,.0429637,.0507882,.03062619,.00039992,.01222497,.00667765,-.02265469,.0586462,.03014116,.0429637,.05078817
2012,4,30,0,-.0085363,.0024969,.0132123,-.0438474,-.0182658,.0132123,.010841,-.0546674,.0135084,-.00853633,.00249688,.01321233,-.0438474,-.01826581,.01321233,.01084102,-.0546674,.01350835
2012,5,31,.0001,-.0637921,-.0780697,-.0862117,-.1568878,-.1135047,-.0025031,-.0795845,-.1225067,-.0214279,-.06389213,-.07816965,-.08631169,-.15698776,-.11360469,-.00260313,-.07968448,-.12260667,-.02152794
2012,6,30,0,.0381625,.0243999,.0525925,.0466927,.0828695,.0558131,.0124225,.0416217,.029753,.03816246,.02439989,.05259245,.04669273,.08286948,.05581306,.01242252,.04162167,.02975296
2012,7,31,0,.007869,-.0159262,.0290732,-.013592,.024595,.0199007,.0611892,-.0121738,.0231304,.00786896,-.01592615,.02907325,-.01359195,.02459505,.01990066,.06118917,-.0121738,.02313042
2012,8,31,.0001,.0252778,.0304322,.0260575,-.0110609,-.0070246,.0031949,.0327576,.0471698,.0337249,.02517781,.03033221,.02595754,-.01116094,-.00712461,.0030949,.03265757,.04706981,.03362488
2012,9,30,.0001,.0270313,-.0090407,.0334348,.0370067,.0387398,-.0102524,.0005998,.0372958,.018331,.02693134,-.00914074,.03333478,.03690673,.03863983,-.01035237,.00049983,.03719579,.01823096
2012,10,31,.0001,-.0176549,.004888,.0054849,-.0073268,.0281014,-.0187752,-.0095454,.0232281,-.0092426,-.01775493,.00478804,.00538494,-.00742677,.02800143,-.01887515,-.00964541,.02312813,-.00934258
2012,11,30,.0001,.007869,.0397975,.0189199,.0257652,.0198026,.0193123,.02137,.0016986,.0107421,.00776896,.03969747,.01881989,.02566521,.01970263,.01921232,.02127003,.00159856,.0106421
2012,12,31,.0001,.0118298,.0237165,-.0138961,.063538,.0539198,-.0084355,-.0123763,.052118,-.0217345,.01172976,.02361653,-.0139961,.06343803,.05381985,-.00853547,-.01247627,.05201796,-.02183449
2013,1,31,0,.0542041,.0241071,-.0400931,.0419094,.0859942,.0494566,.0271287,.1221291,.0526873,.05420406,.02410708,-.04009309,.04190941,.08599419,.04945661,.02712867,.12212913,.05268732
2013,2,28,0,.0128175,.0356567,.0276152,-.0271657,.0617534,.0508832,.0572306,.0177417,.0060815,.0128175,.03565668,.02761517,-.02716567,.0617534,.05088321,.05723063,.01774168,.00608147
2013,3,31,0,.0395091,.0548669,.0859024,.0207825,.0623173,.0517382,.0712038,.0353671,.0465973,.03950914,.0548669,.08590243,.02078254,.0623173,.05173819,.07120376,.03536714,.04659729
2013,4,30,0,.0153811,.0054849,.0250828,-.045102,-.0293258,.0348844,.0433468,-.0002,.0314987,.0153811,.00548493,.02508278,-.04510197,-.02932583,.0348844,.0433468,-.00020002,.03149867
2013,5,31,0,.0276152,.0641009,.0696193,.0376811,.0170538,-.0148091,.0062802,.0799196,.0236189,.02761517,.06410092,.06961934,.03768107,.01705375,-.01480912,.00628024,.07991962,.02361887
2013,6,30,0,-.0120726,.0120274,.0240095,-.0483503,-.0202027,.009257,.0153811,-.0298408,-.0043093,-.01207258,.01202738,.02400945,-.04835026,-.02020271,.00925702,.0153811,-.02984084,-.00430927
2013,7,31,0,.0549616,.0668172,.1005691,.0673782,.0657877,.026934,-.0099493,.0643823,.0619414,.05496156,.06681717,.10056905,.06737823,.06578774,.026934,-.00994933,.06438226,.0619414
2013,8,31,0,-.027474,-.0316971,.0237165,-.0278852,.0217615,-.0393647,-.0138961,-.0496105,-.0498207,-.02747398,-.03169709,.02371653,-.0278852,.02176149,-.03936472,-.01389611,-.0496105,-.0498207
2013,9,30,0,.0370067,.0821328,.0484091,.0801965,.0729716,.013311,.0367176,.0456424,.0433468,.03700673,.08213283,.04840914,.08019655,.07297161,.01331101,.03671758,.04564236,.0433468
2013,10,31,0,.04095,.0514533,.0509782,.0804734,.0626931,.0606246,.0940366,.0579858,.0524976,.04094998,.05145328,.05097824,.08047339,.06269307,.06062462,.09403664,.05798585,.05249757
2013,11,30,0,.0307232,.0452601,.0727857,.0170538,.0731575,.0114344,.0317893,.052023,.0365248,.03072317,.04526013,.07278567,.01705375,.07315752,.01143438,.03178932,.05202303,.03652477
2013,12,31,0,.0277124,.0281987,.0396053,.0631626,.0701788,-.0041084,.022935,.0365248,.0009995,.02771244,.02819865,.03960525,.06316257,.07017883,-.00410843,.02293497,.03652477,.0009995
2014,1,31,0,-.0337636,-.0389487,.0249853,-.0562529,.0300441,-.0054146,-.0894872,-.0522411,-.078935,-.03376363,-.03894875,.02498525,-.05625294,.03004412,-.00541463,-.08948717,-.05224111,-.07893499
2014,2,28,0,.0454513,.0342082,.0651321,.0251803,.126192,.0160702,.0333381,.0281014,.0562858,.04545126,.03420817,.0651321,.0251803,.12619202,.01607018,.03333806,.02810143,.05628581
2014,3,31,0,.0042908,-.0130852,.0090588,.0360426,-.0021022,.0466927,.0438255,.0093561,-.0121738,.00429078,-.01308524,.00905884,.03604259,-.00210221,.04669273,.04382548,.00935609,-.0121738
2014,4,30,0,-.0019018,.0130149,.0059821,.006479,.0091579,.0154796,-.0113643,-.020713,-.0084355,-.00190181,.01301494,.00598207,.00647897,.00915794,.01547957,-.01136433,-.02071304,-.00843548
2014,5,31,0,.0203907,.0171521,-.0095454,-.0163327,.0530667,.0314018,-.0107577,.0026964,.0021976,.02039069,.01715206,-.00954541,-.01633265,.05306672,.03140176,-.01075766,.00269636,.00219758
2014,6,30,0,.0257652,-.023371,-.0088389,.047742,.0135084,.0281014,.006777,.0445909,.0100493,.02576521,-.02337099,-.00883895,.04774199,.01350835,.02810143,.00677698,.04459088,.01004934
2014,7,31,0,-.020611,-.0621946,.0179381,.0131136,-.0083346,-.0296348,-.0580529,-.0065212,-.0187752,-.02061095,-.06219461,.01793814,.01311364,-.00833464,-.02963481,-.05805293,-.00652122,-.01877516
2014,8,31,0,.0415257,.0533512,.0437298,.0625991,.0871864,.0531615,.0291704,.0447821,.0555293,.04152574,.05335118,.04372976,.06259914,.08718636,.05316155,.02917038,.04478214,.05552931
2014,9,30,0,-.0198966,-.0090407,.0391246,-.0529789,-.0172479,.0082657,-.0837077,-.0078306,-.0151136,-.01989663,-.00904074,.03912455,-.05297892,-.01724789,.00826574,-.08370775,-.00783058,-.01511364
2014,10,31,0,.0248877,.0174469,.0320799,.027226,-.0656058,.0322736,.0462154,.0253753,.0326608,.02488772,.01744691,.03207989,.02722599,-.06560576,.03227356,.04621542,.02537531,.03266078
2014,11,30,0,.0251803,.0507882,.0110388,-.0231663,-.0277824,.0425804,.0254728,.0278097,.0853517,.0251803,.05078817,.01103885,-.02316628,-.02778238,.04258045,.0254728,.0278097,.08535167
2014,12,31,0,-.0006002,-.004008,.0090588,-.0592194,-.034695,-.0439519,-.0268575,.0240095,.0222506,-.00060018,-.00400802,.00905884,-.05921936,-.03469497,-.04395189,-.02685746,.02400945,.02225061
2015,1,31,0,-.0315939,.012225,-.0082338,-.0917864,-.0223479,.0089597,-.0006002,-.0695645,-.0029042,-.03159387,.01222497,-.0082338,-.0917864,-.02234786,.00895974,-.00060018,-.06956446,-.00290421
2015,2,28,0,.0594946,.0535408,.0719485,.0354637,.1675463,.0430595,.0531615,.0758493,.0542988,.05949457,.05354077,.0719485,.03546366,.16754627,.04305949,.05316155,.07584931,.05429877
2015,3,31,0,-.0112632,-.0142003,.0252778,-.0209172,.0066777,-.0209172,-.0419685,-.0057163,.0099503,-.01126319,-.01420035,.02527781,-.02091725,.00667765,-.02091725,-.04196849,-.00571631,.00995033
2015,4,30,0,.0058827,-.025523,-.0710664,.0296559,-.0776373,-.0052136,.0884686,.0047885,-.0292229,.00588266,-.02552296,-.07106645,.02965588,-.07763727,-.00521357,.08846865,.00478852,-.02922286
2015,5,31,0,.0135084,.0164637,.0197046,-.0360418,.0301412,.0198026,-.0369752,.0205866,.0053855,.01350835,.01646373,.01970458,-.03604177,.03014116,.01980263,-.03697524,.02058663,.00538547
2015,6,30,0,-.0154183,-.0239854,-.0086372,-.0522411,-.0961806,-.0172479,.0045895,-.0058169,-.004912,-.01541825,-.02398536,-.00863719,-.05224111,-.09618056,-.01724789,.00458945,-.00581689,-.00491204
2015,7,31,0,.0152826,-.0194887,.0876445,-.0946404,.0498372,.034498,-.038429,.0025966,.0562858,.01528262,-.01948868,.08764451,-.0946404,.04983724,.03449804,-.03842903,.00259663,.05628581
2015,8,31,0,-.062301,-.0521358,-.0170444,-.0484552,-.0509776,-.0316971,-.0495054,-.0796928,-.0559356,-.06230103,-.05213575,-.01704444,-.04845522,-.05097755,-.03169709,-.04950542,-.07969277,-.05593563
2015,9,30,0,-.0312843,-.020611,.0143959,-.1116022,-.1046941,.0254728,-.0557241,-.0461487,-.0176549,-.03128429,-.02061095,.01439588,-.11160218,-.10469407,.0254728,-.05572415,-.04614866,-.01765494
2015,10,31,0,.0746435,.0900235,.0621294,.0706448,.0722276,.0775164,.1120779,.0805657,.0445909,.07464354,.0900235,.06212937,.07064484,.07222763,.07751645,.1120779,.08056565,.04459088
2015,11,30,0,.0055844,-.0052136,.0001,-.007629,.0130149,-.0071253,-.0225524,.0248877,.0060815,.00558438,-.00521357,.00009999,-.00762903,.01301494,-.00712532,-.0225524,.02488772,.00608147
2015,12,31,.0001,-.0218367,-.0134906,-.0033055,-.0392607,-.0924443,.0030952,-.0243952,-.0455205,.0082657,-.02193669,-.01359059,-.00340545,-.03936071,-.09254428,.00299521,-.02449515,-.04562051,.00816575
2016,1,31,.0001,-.0593255,-.1040281,-.0220411,-.1002624,-.0652855,-.0022024,-.0179603,-.0994889,-.0454159,-.05942546,-.10412807,-.02214113,-.10036242,-.06538546,-.00230242,-.01806032,-.0995889,-.04551586
2016,2,28,.0002,-.0005001,.0375848,.0290732,.0780715,-.0104545,-.0234734,.078349,-.0177567,-.0034058,-.00070011,.03738478,.02887327,.07787155,-.01065444,-.02367334,.07814898,-.0179567,-.00360577
2016,3,31,.0002,.0674717,.0367176,.0280042,.1604167,.0866363,.0547722,.0673782,.0687795,.0583632,.06727174,.0365176,.02780422,.16021674,.08643633,.05457226,.06717825,.06857953,.05816327
2016,4,30,.0001,.009257,.0496469,.0339182,.090937,.0535408,.0031949,-.0359381,.0221528,-.0037069,.00915703,.04954695,.03381822,.090837,.05344077,.0030949,-.0360381,.02205281,-.00380686
2016,5,31,.0001,.0177417,-.0178585,.0255703,-.0805595,-.0225524,-.0090407,.0328543,.0342082,.0119286,.01764169,-.01795851,.02547028,-.0806595,-.0226524,-.00914074,.03275434,.03410818,.01182858
2016,6,30,.0002,-.0003,.0082657,.0426763,.0214679,.0036932,.0519281,-.0313875,-.0424901,.0072735,-.00050003,.00806576,.0424763,.02126793,.00349319,.05172811,-.03158745,-.04269003,.0070735
2016,7,31,.0002,.0389322,.0397975,.022935,.1276013,.0502177,.0182328,.0464064,.0554347,.0372958,.03873223,.03959749,.02273499,.12740136,.05001774,.01803279,.04620639,.05523473,.0370958
2016,8,31,.0002,.0051865,.0009995,-.0461487,-.0706371,.0301412,-.0088389,.0156765,.0373921,-.016841,.00498655,.00079952,-.04634864,-.07083706,.02994118,-.00903893,.0154765,.03719214,-.017041
2016,9,30,.0002,.0026964,-.0061187,-.011769,.0197046,-.0029042,.0163654,-.0406137,-.0106566,-.0016013,.00249638,-.00631866,-.01196896,.0195046,-.00310419,.01616537,-.04081366,-.01085656,-.00180126
2016,10,31,.0002,-.0202027,.0257652,.0182328,-.0312843,-.0313875,-.0164343,.0079682,-.0063199,-.0363528,-.02040269,.02556523,.01803279,-.03148427,-.03158745,-.01663429,.00776819,-.00651991,-.03655281
2016,11,30,.0001,.0475513,.0801042,.0790884,.1873091,.1402835,-.0592194,.0863612,.1051705,.0295588,.04745131,.08000425,.07898841,.18720911,.14018355,-.05931935,.08626117,.1050705,.02945881
2016,12,31,.0003,.018331,.0141987,-.0553013,-.0205089,.0139029,.02985,-.0762333,.032564,-.0095454,.018031,.01389876,-.05560127,-.02080883,.01360295,.02955007,-.07653326,.03226404,-.00984537
2017,1,31,.0003999,.0196065,.0189199,-.0003,.034981,.0291704,-.0098483,.0037928,.0135084,.0096533,.01920661,.01851996,-.00069997,.03458105,.02877046,-.01024826,.00339288,.01310843,.00925334
2017,2,28,.0003999,.0354637,.0652258,.0544882,.076961,.0168571,.0598714,.0586462,.040566,.027907,.03506374,.06482586,.05408826,.07656112,.0164572,.05947148,.05824628,.04016604,.02750703
2017,3,31,.0003,.001998,-.0163327,.0083649,-.0613436,-.0424901,.0091579,.0193123,-.0101514,.0082657,.00169805,-.01663261,.00806496,-.06164358,-.04279001,.00885798,.01901236,-.01045131,.00796579
2017,4,30,.0004999,.0113355,.0462154,.0103463,-.0056157,.0306262,.0192142,-.0432207,.0015987,.0320799,.01083563,.04571555,.00984642,-.00611561,.03012632,.01871434,-.04372058,.00109885,.03158002
2017,5,31,.0005998,.0111377,.0300441,.0452601,-.0434296,-.0218367,.0424846,.0444952,-.0036065,.005087,.01053792,.0294443,.04466031,-.04402938,-.02243652,.04188479,.04389542,-.00420632,.00448722
2017,6,30,.0005998,.0083649,.0161686,-.012275,.0016986,.0433468,-.0114655,.0172504,.0513583,-.0241902,.0077651,.01556876,-.01287485,.00109874,.04274698,-.0120653,.01665053,.05075847,-.02479006
